KY_CD,OFNS_DESC,PD_CD,PD_DESC,CRM_ATPT_CPTD_CD,LAW_CAT_CD,JURIS_DESC,BORO_NM,ADDR_PCT_CD,LOC_OF_OCCUR_DESC,PREM_TYP_DESC,HOOD,X_COORD_CD,Y_COORD_CD,Latitude,Longitude,Lat_Lon
106,FELONY ASSAULT,109,"ASSAULT 2,1,UNCLASSIFIED",COMPLETED,FELONY,N.Y. HOUSING POLICE,BRONX,49,FRONT OF,RESIDENCE - PUBLIC HOUSING,PB ,1022930,253752,40.86308882,-73.86016171,"(40.863088816, -73.860161712)"
106,FELONY ASSAULT,109,"ASSAULT 2,1,UNCLASSIFIED",COMPLETED,FELONY,N.Y. HOUSING POLICE,BRONX,43,INSIDE,RESIDENCE - PUBLIC HOUSING,SV,1020891,236726,40.81636615,-73.86762631,"(40.816366145, -73.867626311)"
105,ROBBERY,386,"ROBBERY,PERSONAL ELECTRONIC DEVICE",COMPLETED,FELONY,N.Y. HOUSING POLICE,BRONX,43,INSIDE,RESIDENCE - PUBLIC HOUSING,CH,1026596,236961,40.81698565,-73.84701407,"(40.816985648, -73.847014071)"
105,ROBBERY,386,"ROBBERY,PERSONAL ELECTRONIC DEVICE",COMPLETED,FELONY,N.Y. HOUSING POLICE,BRONX,43,INSIDE,RESIDENCE - PUBLIC HOUSING,CH,1025580,236918,40.81687244,-73.85068493,"(40.816872438, -73.850684927)"
105,ROBBERY,386,"ROBBERY,PERSONAL ELECTRONIC DEVICE",COMPLETED,FELONY,N.Y. HOUSING POLICE,BRONX,45,FRONT OF,RESIDENCE - PUBLIC HOUSING,TN,1033577,239043,40.82266392,-73.82177792,"(40.822663919, -73.821777915)"
106,FELONY ASSAULT,105,STRANGULATION 1ST,COMPLETED,FELONY,N.Y. HOUSING POLICE,BRONX,43,INSIDE,RESIDENCE - PUBLIC HOUSING,CH,1026999,237853,40.81943199,-73.84555244,"(40.819431994, -73.845552435)"
105,ROBBERY,388,"ROBBERY,RESIDENTIAL COMMON AREA",ATTEMPTED,FELONY,N.Y. HOUSING POLICE,BRONX,42,INSIDE,RESIDENCE - PUBLIC HOUSING,M,1010158,242490,40.83222468,-73.90637977,"(40.832224679, -73.906379774)"
106,FELONY ASSAULT,109,"ASSAULT 2,1,UNCLASSIFIED",COMPLETED,FELONY,N.Y. POLICE DEPT,BRONX,46,INSIDE,RESIDENCE - APT. HOUSE,T,1006708,248577,40.84894116,-73.91882637,"(40.848941162, -73.918826374)"
109,GRAND LARCENY,405,"LARCENY,GRAND BY THEFT OF CREDIT CARD",COMPLETED,FELONY,N.Y. HOUSING POLICE,BRONX,45,INSIDE,RESIDENCE - PUBLIC HOUSING,TN,1032398,238443,40.8210236,-73.82604206,"(40.821023597, -73.826042057)"
109,GRAND LARCENY,405,"LARCENY,GRAND BY THEFT OF CREDIT CARD",COMPLETED,FELONY,N.Y. HOUSING POLICE,BRONX,42,INSIDE,RESIDENCE - PUBLIC HOUSING,M,1010158,242490,40.83222468,-73.90637977,"(40.832224679, -73.906379774)"
106,FELONY ASSAULT,109,"ASSAULT 2,1,UNCLASSIFIED",COMPLETED,FELONY,N.Y. HOUSING POLICE,BRONX,45,INSIDE,RESIDENCE - PUBLIC HOUSING,TN,1032930,239207,40.82311764,-73.8241144,"(40.823117641, -73.824114397)"
106,FELONY ASSAULT,109,"ASSAULT 2,1,UNCLASSIFIED",COMPLETED,FELONY,N.Y. HOUSING POLICE,BRONX,43,INSIDE,RESIDENCE - PUBLIC HOUSING,SV,1021457,236045,40.81449463,-73.86558527,"(40.814494627, -73.865585266)"
109,GRAND LARCENY,422,"LARCENY,GRAND BY OPEN CREDIT CARD (NEW ACCT)",COMPLETED,FELONY,N.Y. HOUSING POLICE,BRONX,43,INSIDE,RESIDENCE - PUBLIC HOUSING,BD,1021275,240025,40.82541936,-73.86622081,"(40.825419359, -73.866220811)"
105,ROBBERY,388,"ROBBERY,RESIDENTIAL COMMON AREA",COMPLETED,FELONY,N.Y. HOUSING POLICE,BRONX,43,INSIDE,RESIDENCE - PUBLIC HOUSING,CH,1025622,237609,40.81876884,-73.85052893,"(40.818768839, -73.850528931)"
105,ROBBERY,397,"ROBBERY,OPEN AREA UNCLASSIFIED",COMPLETED,FELONY,N.Y. HOUSING POLICE,BRONX,43,FRONT OF,RESIDENCE - PUBLIC HOUSING,BD,1021576,240437,40.82654891,-73.86513093,"(40.826548914, -73.865130932)"
109,GRAND LARCENY,404,"LARCENY,GRAND FROM PERSON,PERSONAL ELECTRONIC DEVICE(SNATCH)",COMPLETED,FELONY,N.Y. HOUSING POLICE,BRONX,43,REAR OF,RESIDENCE - PUBLIC HOUSING,BR,1017824,243494,40.83495455,-73.87867277,"(40.834954553, -73.878672765)"
109,GRAND LARCENY,412,"LARCENY,GRAND FROM RESIDENCE, UNATTENDED",COMPLETED,FELONY,N.Y. HOUSING POLICE,BRONX,49,INSIDE,RESIDENCE - PUBLIC HOUSING,PB ,1022649,253078,40.86124012,-73.86118147,"(40.861240119, -73.861181471)"
109,GRAND LARCENY,404,"LARCENY,GRAND FROM PERSON,PERSONAL ELECTRONIC DEVICE(SNATCH)",COMPLETED,FELONY,N.Y. HOUSING POLICE,BRONX,43,REAR OF,RESIDENCE - PUBLIC HOUSING,SV,1021490,236442,40.81558414,-73.86546385,"(40.81558414, -73.865463846)"
106,FELONY ASSAULT,105,STRANGULATION 1ST,COMPLETED,FELONY,N.Y. HOUSING POLICE,BRONX,43,INSIDE,RESIDENCE - PUBLIC HOUSING,BD,1022040,240165,40.82580038,-73.86345589,"(40.825800379, -73.86345589)"
106,FELONY ASSAULT,106,"ASSAULT 2,1,PEACE OFFICER",ATTEMPTED,FELONY,N.Y. HOUSING POLICE,BRONX,49,INSIDE,RESIDENCE - PUBLIC HOUSING,EC ,1024600,256714,40.87121112,-73.85410634,"(40.871211121, -73.85410634)"
106,FELONY ASSAULT,106,"ASSAULT 2,1,PEACE OFFICER",ATTEMPTED,FELONY,N.Y. HOUSING POLICE,BRONX,49,INSIDE,RESIDENCE - PUBLIC HOUSING,EC ,1024600,256714,40.87121112,-73.85410634,"(40.871211121, -73.85410634)"
106,FELONY ASSAULT,109,"ASSAULT 2,1,UNCLASSIFIED",COMPLETED,FELONY,N.Y. HOUSING POLICE,BRONX,45,INSIDE,RESIDENCE - PUBLIC HOUSING,TN,1032948,238316,40.820672,-73.82405583,"(40.820672004, -73.824055827)"
105,ROBBERY,386,"ROBBERY,PERSONAL ELECTRONIC DEVICE",COMPLETED,FELONY,N.Y. HOUSING POLICE,BRONX,49,FRONT OF,RESIDENCE - PUBLIC HOUSING,EC ,1025181,256069,40.86943812,-73.85200954,"(40.86943812, -73.852009538)"
105,ROBBERY,389,"ROBBERY,DWELLING",COMPLETED,FELONY,N.Y. HOUSING POLICE,BRONX,43,INSIDE,RESIDENCE - PUBLIC HOUSING,BDE,1020068,240643,40.82712057,-73.8705787,"(40.827120568, -73.870578701)"
109,GRAND LARCENY,412,"LARCENY,GRAND FROM RESIDENCE, UNATTENDED",COMPLETED,FELONY,N.Y. HOUSING POLICE,BRONX,43,INSIDE,RESIDENCE - PUBLIC HOUSING,SV,1021342,237277,40.8178766,-73.86599391,"(40.817876601, -73.865993913)"
105,ROBBERY,388,"ROBBERY,RESIDENTIAL COMMON AREA",ATTEMPTED,FELONY,N.Y. HOUSING POLICE,BRONX,43,INSIDE,RESIDENCE - PUBLIC HOUSING,BR ,1018829,243632,40.83532945,-73.87504022,"(40.835329446, -73.87504022)"
105,ROBBERY,383,"ROBBERY,DELIVERY PERSON",COMPLETED,FELONY,N.Y. HOUSING POLICE,BRONX,43,REAR OF,RESIDENCE - PUBLIC HOUSING,CH ,1026999,237853,40.81943199,-73.84555244,"(40.819431994, -73.845552435)"
124,KIDNAPPING & RELATED OFFENSES,183,"IMPRISONMENT 1,UNLAWFUL",COMPLETED,FELONY,N.Y. HOUSING POLICE,BRONX,45,INSIDE,RESIDENCE - PUBLIC HOUSING,TN ,1033577,239043,40.82266392,-73.82177792,"(40.822663919, -73.821777915)"
106,FELONY ASSAULT,105,STRANGULATION 1ST,COMPLETED,FELONY,N.Y. HOUSING POLICE,BRONX,45,INSIDE,RESIDENCE - PUBLIC HOUSING,TN ,1032948,238316,40.820672,-73.82405583,"(40.820672004, -73.824055827)"
109,GRAND LARCENY,412,"LARCENY,GRAND FROM RESIDENCE, UNATTENDED",COMPLETED,FELONY,N.Y. HOUSING POLICE,BRONX,43,INSIDE,RESIDENCE - PUBLIC HOUSING,SV,1020891,236726,40.81636615,-73.86762631,"(40.816366145, -73.867626311)"
106,FELONY ASSAULT,109,"ASSAULT 2,1,UNCLASSIFIED",COMPLETED,FELONY,N.Y. HOUSING POLICE,BRONX,43,INSIDE,RESIDENCE - PUBLIC HOUSING,CH ,1025622,237609,40.81876884,-73.85052893,"(40.818768839, -73.850528931)"
106,FELONY ASSAULT,109,"ASSAULT 2,1,UNCLASSIFIED",COMPLETED,FELONY,N.Y. HOUSING POLICE,BRONX,49,INSIDE,RESIDENCE - PUBLIC HOUSING,PB ,1022930,253752,40.86308882,-73.86016171,"(40.863088816, -73.860161712)"
106,FELONY ASSAULT,109,"ASSAULT 2,1,UNCLASSIFIED",COMPLETED,FELONY,N.Y. HOUSING POLICE,BRONX,43,INSIDE,RESIDENCE - PUBLIC HOUSING,CH ,1025622,237609,40.81876884,-73.85052893,"(40.818768839, -73.850528931)"
109,GRAND LARCENY,405,"LARCENY,GRAND BY THEFT OF CREDIT CARD",COMPLETED,FELONY,N.Y. HOUSING POLICE,BRONX,43,INSIDE,RESIDENCE - PUBLIC HOUSING,CH ,1026268,237961,40.81973193,-73.8481928,"(40.81973193, -73.848192804)"
106,FELONY ASSAULT,105,STRANGULATION 1ST,COMPLETED,FELONY,N.Y. HOUSING POLICE,BRONX,43,INSIDE,RESIDENCE - PUBLIC HOUSING,CH ,1026382,237309,40.81794183,-73.84778502,"(40.817941833, -73.847785022)"
106,FELONY ASSAULT,105,STRANGULATION 1ST,COMPLETED,FELONY,N.Y. HOUSING POLICE,BRONX,41,FRONT OF,RESIDENCE - PUBLIC HOUSING,WF ,1014642,240068,40.82556269,-73.89018729,"(40.825562694, -73.890187287)"
109,GRAND LARCENY,412,"LARCENY,GRAND FROM RESIDENCE, UNATTENDED",COMPLETED,FELONY,N.Y. HOUSING POLICE,BRONX,45,INSIDE,RESIDENCE - PUBLIC HOUSING,TN  ,1032398,238443,40.8210236,-73.82604206,"(40.821023597, -73.826042057)"
106,FELONY ASSAULT,109,"ASSAULT 2,1,UNCLASSIFIED",ATTEMPTED,FELONY,N.Y. HOUSING POLICE,BRONX,43,REAR OF,RESIDENCE - PUBLIC HOUSING,CH ,1025580,236918,40.81687244,-73.85068493,"(40.816872438, -73.850684927)"
105,ROBBERY,388,"ROBBERY,RESIDENTIAL COMMON AREA",COMPLETED,FELONY,N.Y. HOUSING POLICE,BRONX,42,INSIDE,RESIDENCE - PUBLIC HOUSING,M,1010158,242490,40.83222468,-73.90637977,"(40.832224679, -73.906379774)"
105,ROBBERY,389,"ROBBERY,DWELLING",COMPLETED,FELONY,N.Y. HOUSING POLICE,BRONX,43,INSIDE,RESIDENCE - PUBLIC HOUSING,BR ,1017824,243494,40.83495455,-73.87867277,"(40.834954553, -73.878672765)"
110,GRAND LARCENY OF MOTOR VEHICLE,441,"LARCENY,GRAND OF AUTO",COMPLETED,FELONY,N.Y. HOUSING POLICE,BRONX,43,OPPOSITE OF,RESIDENCE - PUBLIC HOUSING,BD,1021623,240919,40.82787167,-73.86495842,"(40.827871665, -73.864958422)"
105,ROBBERY,397,"ROBBERY,OPEN AREA UNCLASSIFIED",COMPLETED,FELONY,N.Y. HOUSING POLICE,BRONX,42,INSIDE,RESIDENCE - PUBLIC HOUSING,WB,1009394,242828,40.8331546,-73.90913931,"(40.833154599, -73.909139311)"
109,GRAND LARCENY,404,"LARCENY,GRAND FROM PERSON,PERSONAL ELECTRONIC DEVICE(SNATCH)",COMPLETED,FELONY,N.Y. POLICE DEPT,BRONX,46,OPPOSITE OF,RESIDENCE - PUBLIC HOUSING,T ,1006344,247971,40.84727879,-73.92014406,"(40.847278789, -73.920144058)"
109,GRAND LARCENY,412,"LARCENY,GRAND FROM RESIDENCE, UNATTENDED",COMPLETED,FELONY,N.Y. HOUSING POLICE,BRONX,43,FRONT OF,RESIDENCE - PUBLIC HOUSING,BD,1021111,240829,40.82762679,-73.86680897,"(40.827626793, -73.866808966)"
105,ROBBERY,389,"ROBBERY,DWELLING",COMPLETED,FELONY,N.Y. HOUSING POLICE,BRONX,40,INSIDE,RESIDENCE - PUBLIC HOUSING,MH ,1005426,235225,40.81229693,-73.92350234,"(40.812296927, -73.923502342)"
110,GRAND LARCENY OF MOTOR VEHICLE,441,"LARCENY,GRAND OF AUTO",COMPLETED,FELONY,N.Y. HOUSING POLICE,BRONX,43,REAR OF,RESIDENCE - PUBLIC HOUSING,SV,1021490,236442,40.81558414,-73.86546385,"(40.81558414, -73.865463846)"
105,ROBBERY,388,"ROBBERY,RESIDENTIAL COMMON AREA",COMPLETED,FELONY,N.Y. HOUSING POLICE,BRONX,43,FRONT OF,RESIDENCE - PUBLIC HOUSING,BD,1020068,240643,40.82712057,-73.8705787,"(40.827120568, -73.870578701)"
105,ROBBERY,388,"ROBBERY,RESIDENTIAL COMMON AREA",COMPLETED,FELONY,N.Y. HOUSING POLICE,BRONX,43,INSIDE,RESIDENCE - PUBLIC HOUSING,CH,1025580,236918,40.81687244,-73.85068493,"(40.816872438, -73.850684927)"
105,ROBBERY,384,"ROBBERY,POCKETBOOK/CARRIED BAG",COMPLETED,FELONY,N.Y. HOUSING POLICE,BRONX,43,FRONT OF,RESIDENCE - PUBLIC HOUSING,CH,1026553,237773,40.81921456,-73.8471643,"(40.819214563, -73.847164302)"
109,GRAND LARCENY,457,"LARCENY,GRAND OF VEHICULAR/MOTORCYCLE ACCESSORIES",COMPLETED,FELONY,N.Y. HOUSING POLICE,BRONX,43,FRONT OF,RESIDENCE - PUBLIC HOUSING,CH ,1026999,237853,40.81943199,-73.84555244,"(40.819431994, -73.845552435)"
109,GRAND LARCENY,403,"LARCENY,GRAND BY BANK ACCT COMPROMISE-REPRODUCED CHECK",COMPLETED,FELONY,N.Y. HOUSING POLICE,BRONX,45,INSIDE,RESIDENCE - PUBLIC HOUSING,TN ,1032948,238316,40.820672,-73.82405583,"(40.820672004, -73.824055827)"
106,FELONY ASSAULT,105,STRANGULATION 1ST,COMPLETED,FELONY,N.Y. HOUSING POLICE,BRONX,43,INSIDE,RESIDENCE - PUBLIC HOUSING,CH ,1026553,237773,40.81921456,-73.8471643,"(40.819214563, -73.847164302)"
109,GRAND LARCENY,419,"LARCENY,GRAND FROM PERSON,UNCL",COMPLETED,FELONY,N.Y. HOUSING POLICE,BRONX,43,FRONT OF,RESIDENCE - PUBLIC HOUSING,SV,1021490,236442,40.81558414,-73.86546385,"(40.81558414, -73.865463846)"
109,GRAND LARCENY,417,"LARCENY,GRAND FROM PERSON,PURS",COMPLETED,FELONY,N.Y. HOUSING POLICE,BRONX,44,INSIDE,RESIDENCE - PUBLIC HOUSING,CP ,1008151,241893,40.83059175,-73.91363443,"(40.830591745, -73.913634432)"
106,FELONY ASSAULT,109,"ASSAULT 2,1,UNCLASSIFIED",COMPLETED,FELONY,N.Y. HOUSING POLICE,BRONX,43,INSIDE,RESIDENCE - PUBLIC HOUSING,BR,1018882,243356,40.8345717,-73.87485012,"(40.834571698, -73.874850115)"
109,GRAND LARCENY,424,"LARCENY,GRAND BY CREDIT CARD ACCT COMPROMISE-EXISTING ACCT",COMPLETED,FELONY,N.Y. HOUSING POLICE,BRONX,42,INSIDE,RESIDENCE - PUBLIC HOUSING,WF ,1015518,241579,40.8297069,-73.88701503,"(40.829706898, -73.887015033)"
105,ROBBERY,382,"ROBBERY,NECKCHAIN/JEWELRY",ATTEMPTED,FELONY,N.Y. HOUSING POLICE,BRONX,43,FRONT OF,RESIDENCE - PUBLIC HOUSING,SV,1021457,236045,40.81449463,-73.86558527,"(40.814494627, -73.865585266)"
105,ROBBERY,383,"ROBBERY,DELIVERY PERSON",COMPLETED,FELONY,N.Y. HOUSING POLICE,BRONX,43,FRONT OF,RESIDENCE - PUBLIC HOUSING,CH,1026382,237309,40.81794183,-73.84778502,"(40.817941833, -73.847785022)"
106,FELONY ASSAULT,109,"ASSAULT 2,1,UNCLASSIFIED",COMPLETED,FELONY,N.Y. HOUSING POLICE,BRONX,43,INSIDE,RESIDENCE - PUBLIC HOUSING,CH,1027228,237469,40.81837691,-73.84472754,"(40.818376912, -73.844727536)"
109,GRAND LARCENY,424,"LARCENY,GRAND BY CREDIT CARD ACCT COMPROMISE-EXISTING ACCT",COMPLETED,FELONY,N.Y. HOUSING POLICE,BRONX,43,INSIDE,RESIDENCE - PUBLIC HOUSING,BDE,1019804,240596,40.82699263,-73.87153287,"(40.826992634, -73.87153287)"
110,GRAND LARCENY OF MOTOR VEHICLE,441,"LARCENY,GRAND OF AUTO",COMPLETED,FELONY,N.Y. POLICE DEPT,BRONX,43,OPPOSITE OF,STREET,BR ,1018196,243839,40.83590006,-73.8773267,"(40.835900056, -73.877326699)"
109,GRAND LARCENY,414,"LARCENY,GRAND PERSON,NECK CHAI",COMPLETED,FELONY,N.Y. HOUSING POLICE,BRONX,43,INSIDE,RESIDENCE - PUBLIC HOUSING,BD,1021623,240919,40.82787167,-73.86495842,"(40.827871665, -73.864958422)"
106,FELONY ASSAULT,109,"ASSAULT 2,1,UNCLASSIFIED",ATTEMPTED,FELONY,N.Y. HOUSING POLICE,BRONX,49,INSIDE,RESIDENCE - PUBLIC HOUSING,PB ,1022486,252197,40.85882275,-73.86177577,"(40.858822748, -73.861775773)"
106,FELONY ASSAULT,109,"ASSAULT 2,1,UNCLASSIFIED",COMPLETED,FELONY,N.Y. HOUSING POLICE,BRONX,45,INSIDE,RESIDENCE - PUBLIC HOUSING,TN ,1032930,239207,40.82311764,-73.8241144,"(40.823117641, -73.824114397)"
106,FELONY ASSAULT,109,"ASSAULT 2,1,UNCLASSIFIED",COMPLETED,FELONY,N.Y. HOUSING POLICE,BRONX,45,INSIDE,RESIDENCE - PUBLIC HOUSING,TN ,1032930,239207,40.82311764,-73.8241144,"(40.823117641, -73.824114397)"
109,GRAND LARCENY,417,"LARCENY,GRAND FROM PERSON,PURS",COMPLETED,FELONY,N.Y. HOUSING POLICE,BRONX,43,FRONT OF,RESIDENCE - PUBLIC HOUSING,CH ,1025622,237609,40.81876884,-73.85052893,"(40.818768839, -73.850528931)"
105,ROBBERY,389,"ROBBERY,DWELLING",COMPLETED,FELONY,N.Y. HOUSING POLICE,BRONX,49,INSIDE,RESIDENCE - PUBLIC HOUSING,E ,1024600,256714,40.87121112,-73.85410634,"(40.871211121, -73.85410634)"
105,ROBBERY,386,"ROBBERY,PERSONAL ELECTRONIC DEVICE",COMPLETED,FELONY,N.Y. HOUSING POLICE,BRONX,43,FRONT OF,RESIDENCE - PUBLIC HOUSING,BR ,1018829,243632,40.83532945,-73.87504022,"(40.835329446, -73.87504022)"
105,ROBBERY,394,"ROBBERY,LICENSED FOR HIRE VEHICLE",COMPLETED,FELONY,N.Y. HOUSING POLICE,BRONX,43,FRONT OF,STREET,BD,1021275,240025,40.82541936,-73.86622081,"(40.825419359, -73.866220811)"
105,ROBBERY,389,"ROBBERY,DWELLING",COMPLETED,FELONY,N.Y. HOUSING POLICE,BRONX,42,INSIDE,RESIDENCE - PUBLIC HOUSING,M,1010158,242490,40.83222468,-73.90637977,"(40.832224679, -73.906379774)"
106,FELONY ASSAULT,109,"ASSAULT 2,1,UNCLASSIFIED",COMPLETED,FELONY,N.Y. HOUSING POLICE,BRONX,44,INSIDE,RESIDENCE - PUBLIC HOUSING,CP ,1008393,241797,40.8303276,-73.9127603,"(40.830327595, -73.912760304)"
106,FELONY ASSAULT,109,"ASSAULT 2,1,UNCLASSIFIED",ATTEMPTED,FELONY,N.Y. HOUSING POLICE,BRONX,43,INSIDE,RESIDENCE - PUBLIC HOUSING,CH,1027228,237469,40.81837691,-73.84472754,"(40.818376912, -73.844727536)"
106,FELONY ASSAULT,105,STRANGULATION 1ST,COMPLETED,FELONY,N.Y. HOUSING POLICE,BRONX,43,FRONT OF,RESIDENCE - PUBLIC HOUSING,SV,1021490,236442,40.81558414,-73.86546385,"(40.81558414, -73.865463846)"
105,ROBBERY,386,"ROBBERY,PERSONAL ELECTRONIC DEVICE",COMPLETED,FELONY,N.Y. HOUSING POLICE,BRONX,43,FRONT OF,RESIDENCE - PUBLIC HOUSING,BD,1020811,240473,40.82665092,-73.86789492,"(40.826650923, -73.867894916)"
106,FELONY ASSAULT,109,"ASSAULT 2,1,UNCLASSIFIED",COMPLETED,FELONY,N.Y. HOUSING POLICE,BRONX,40,REAR OF,RESIDENCE - PUBLIC HOUSING,MR,1007066,238386,40.8209689,-73.91756704,"(40.8209689, -73.917567037)"
106,FELONY ASSAULT,109,"ASSAULT 2,1,UNCLASSIFIED",COMPLETED,FELONY,N.Y. HOUSING POLICE,BRONX,43,INSIDE,RESIDENCE - PUBLIC HOUSING,BD,1020325,240688,40.82724303,-73.86964983,"(40.827243034, -73.86964983)"
110,GRAND LARCENY OF MOTOR VEHICLE,441,"LARCENY,GRAND OF AUTO",COMPLETED,FELONY,N.Y. POLICE DEPT,BRONX,43,OPPOSITE OF,STREET,CH,1027228,237469,40.81837691,-73.84472754,"(40.818376912, -73.844727536)"
106,FELONY ASSAULT,105,STRANGULATION 1ST,COMPLETED,FELONY,N.Y. HOUSING POLICE,BRONX,43,INSIDE,RESIDENCE - PUBLIC HOUSING,BD,1021879,240965,40.82799684,-73.86403314,"(40.827996836, -73.864033139)"
109,GRAND LARCENY,405,"LARCENY,GRAND BY THEFT OF CREDIT CARD",COMPLETED,FELONY,N.Y. HOUSING POLICE,BRONX,42,FRONT OF,RESIDENCE - PUBLIC HOUSING,M,1010158,242490,40.83222468,-73.90637977,"(40.832224679, -73.906379774)"
105,ROBBERY,386,"ROBBERY,PERSONAL ELECTRONIC DEVICE",COMPLETED,FELONY,N.Y. HOUSING POLICE,BRONX,43,INSIDE,RESIDENCE - PUBLIC HOUSING,BR ,1018882,243356,40.8345717,-73.87485012,"(40.834571698, -73.874850115)"
109,GRAND LARCENY,405,"LARCENY,GRAND BY THEFT OF CREDIT CARD",COMPLETED,FELONY,N.Y. HOUSING POLICE,BRONX,43,INSIDE,RESIDENCE - PUBLIC HOUSING,CH ,1026553,237773,40.81921456,-73.8471643,"(40.819214563, -73.847164302)"
105,ROBBERY,386,"ROBBERY,PERSONAL ELECTRONIC DEVICE",COMPLETED,FELONY,N.Y. HOUSING POLICE,BRONX,43,FRONT OF,RESIDENCE - PUBLIC HOUSING,BR ,1018196,243839,40.83590006,-73.8773267,"(40.835900056, -73.877326699)"
106,FELONY ASSAULT,105,STRANGULATION 1ST,COMPLETED,FELONY,N.Y. HOUSING POLICE,BRONX,45,INSIDE,RESIDENCE - PUBLIC HOUSING,TN ,1032398,238443,40.8210236,-73.82604206,"(40.821023597, -73.826042057)"
109,GRAND LARCENY,439,"LARCENY,GRAND FROM OPEN AREAS, UNATTENDED",COMPLETED,FELONY,N.Y. HOUSING POLICE,BRONX,40,REAR OF,RESIDENCE - PUBLIC HOUSING,MH ,1005426,235225,40.81229693,-73.92350234,"(40.812296927, -73.923502342)"
105,ROBBERY,397,"ROBBERY,OPEN AREA UNCLASSIFIED",ATTEMPTED,FELONY,N.Y. HOUSING POLICE,BRONX,49,FRONT OF,RESIDENCE - PUBLIC HOUSING,E ,1025376,256698,40.87116362,-73.85130063,"(40.871163624, -73.851300629)"
105,ROBBERY,386,"ROBBERY,PERSONAL ELECTRONIC DEVICE",COMPLETED,FELONY,N.Y. HOUSING POLICE,BRONX,43,FRONT OF,RESIDENCE - PUBLIC HOUSING,BD,1019804,240596,40.82699263,-73.87153287,"(40.826992634, -73.87153287)"
105,ROBBERY,388,"ROBBERY,RESIDENTIAL COMMON AREA",COMPLETED,FELONY,N.Y. HOUSING POLICE,BRONX,43,INSIDE,RESIDENCE - PUBLIC HOUSING,CH ,1025580,236918,40.81687244,-73.85068493,"(40.816872438, -73.850684927)"
110,GRAND LARCENY OF MOTOR VEHICLE,451,"LARCENY,GRAND OF MOTORCYCLE",COMPLETED,FELONY,N.Y. HOUSING POLICE,BRONX,41,FRONT OF,RESIDENCE - PUBLIC HOUSING,L ,1015284,240357,40.82635368,-73.88786624,"(40.826353684, -73.88786624)"
106,FELONY ASSAULT,105,STRANGULATION 1ST,COMPLETED,FELONY,N.Y. HOUSING POLICE,BRONX,45,INSIDE,RESIDENCE - PUBLIC HOUSING,TN  ,1032948,238316,40.820672,-73.82405583,"(40.820672004, -73.824055827)"
105,ROBBERY,397,"ROBBERY,OPEN AREA UNCLASSIFIED",COMPLETED,FELONY,N.Y. HOUSING POLICE,BRONX,43,FRONT OF,RESIDENCE - PUBLIC HOUSING,BD,1021879,240965,40.82799684,-73.86403314,"(40.827996836, -73.864033139)"
105,ROBBERY,390,"ROBBERY,HOME INVASION",COMPLETED,FELONY,N.Y. HOUSING POLICE,BRONX,45,INSIDE,RESIDENCE - PUBLIC HOUSING,TN ,1032930,239207,40.82311764,-73.8241144,"(40.823117641, -73.824114397)"
105,ROBBERY,388,"ROBBERY,RESIDENTIAL COMMON AREA",COMPLETED,FELONY,N.Y. HOUSING POLICE,BRONX,43,INSIDE,RESIDENCE - PUBLIC HOUSING,CH ,1025580,236918,40.81687244,-73.85068493,"(40.816872438, -73.850684927)"
106,FELONY ASSAULT,109,"ASSAULT 2,1,UNCLASSIFIED",COMPLETED,FELONY,N.Y. HOUSING POLICE,BRONX,49,INSIDE,RESIDENCE - PUBLIC HOUSING,E ,1025619,256059,40.86940863,-73.85042595,"(40.869408631, -73.850425952)"
110,GRAND LARCENY OF MOTOR VEHICLE,441,"LARCENY,GRAND OF AUTO",COMPLETED,FELONY,N.Y. POLICE DEPT,BRONX,45,OPPOSITE OF,STREET,TN ,1032398,238443,40.8210236,-73.82604206,"(40.821023597, -73.826042057)"
109,GRAND LARCENY,402,"LARCENY,GRAND BY FALSE PROMISE-NOT IN PERSON CONTACT",COMPLETED,FELONY,N.Y. HOUSING POLICE,BRONX,41,INSIDE,RESIDENCE - PUBLIC HOUSING,WF ,1014642,240068,40.82556269,-73.89018729,"(40.825562694, -73.890187287)"
109,GRAND LARCENY,409,"LARCENY,GRAND BY EXTORTION",ATTEMPTED,FELONY,N.Y. HOUSING POLICE,BRONX,43,INSIDE,RESIDENCE - PUBLIC HOUSING,CH,1025622,237609,40.81876884,-73.85052893,"(40.818768839, -73.850528931)"
109,GRAND LARCENY,412,"LARCENY,GRAND FROM RESIDENCE, UNATTENDED",COMPLETED,FELONY,N.Y. HOUSING POLICE,BRONX,43,INSIDE,RESIDENCE - PUBLIC HOUSING,SV,1020874,237525,40.81855924,-73.86768337,"(40.818559244, -73.867683367)"
106,FELONY ASSAULT,109,"ASSAULT 2,1,UNCLASSIFIED",COMPLETED,FELONY,N.Y. HOUSING POLICE,BRONX,43,INSIDE,RESIDENCE - PUBLIC HOUSING,BD,1021623,240919,40.82787167,-73.86495842,"(40.827871665, -73.864958422)"
106,FELONY ASSAULT,109,"ASSAULT 2,1,UNCLASSIFIED",COMPLETED,FELONY,N.Y. HOUSING POLICE,BRONX,43,INSIDE,RESIDENCE - PUBLIC HOUSING,CH ,1025622,237609,40.81876884,-73.85052893,"(40.818768839, -73.850528931)"
106,FELONY ASSAULT,109,"ASSAULT 2,1,UNCLASSIFIED",COMPLETED,FELONY,N.Y. POLICE DEPT,BRONX,42,OPPOSITE OF,STREET,CP ,1011847,244280,40.83713259,-73.90026901,"(40.837132594, -73.90026901)"
106,FELONY ASSAULT,109,"ASSAULT 2,1,UNCLASSIFIED",COMPLETED,FELONY,N.Y. POLICE DEPT,BRONX,42,OPPOSITE OF,STREET,CP ,1011847,244280,40.83713259,-73.90026901,"(40.837132594, -73.90026901)"
106,FELONY ASSAULT,109,"ASSAULT 2,1,UNCLASSIFIED",COMPLETED,FELONY,N.Y. HOUSING POLICE,BRONX,43,INSIDE,RESIDENCE - PUBLIC HOUSING,CH ,1026596,236961,40.81698565,-73.84701407,"(40.816985648, -73.847014071)"
105,ROBBERY,388,"ROBBERY,RESIDENTIAL COMMON AREA",COMPLETED,FELONY,N.Y. HOUSING POLICE,BRONX,45,INSIDE,RESIDENCE - PUBLIC HOUSING,TN ,1032930,239207,40.82311764,-73.8241144,"(40.823117641, -73.824114397)"
106,FELONY ASSAULT,109,"ASSAULT 2,1,UNCLASSIFIED",ATTEMPTED,FELONY,N.Y. HOUSING POLICE,BRONX,42,INSIDE,RESIDENCE - PUBLIC HOUSING,WB,1009394,242828,40.8331546,-73.90913931,"(40.833154599, -73.909139311)"
106,FELONY ASSAULT,109,"ASSAULT 2,1,UNCLASSIFIED",COMPLETED,FELONY,N.Y. HOUSING POLICE,BRONX,46,INSIDE,RESIDENCE - PUBLIC HOUSING,SW,1005852,247414,40.84575121,-73.92192416,"(40.845751206, -73.921924155)"
105,ROBBERY,386,"ROBBERY,PERSONAL ELECTRONIC DEVICE",COMPLETED,FELONY,N.Y. HOUSING POLICE,BRONX,46,FRONT OF,RESIDENCE - PUBLIC HOUSING,SW,1005852,247414,40.84575121,-73.92192416,"(40.845751206, -73.921924155)"
106,FELONY ASSAULT,109,"ASSAULT 2,1,UNCLASSIFIED",ATTEMPTED,FELONY,N.Y. POLICE DEPT,BRONX,40,OPPOSITE OF,RESIDENCE - PUBLIC HOUSING,SB ,1010482,234903,40.81139956,-73.90523862,"(40.811399561, -73.905238619)"
106,FELONY ASSAULT,109,"ASSAULT 2,1,UNCLASSIFIED",COMPLETED,FELONY,N.Y. HOUSING POLICE,BRONX,40,FRONT OF,RESIDENCE - PUBLIC HOUSING,MR,1006104,238459,40.8211717,-73.92104251,"(40.821171696, -73.921042512)"
106,FELONY ASSAULT,109,"ASSAULT 2,1,UNCLASSIFIED",COMPLETED,FELONY,N.Y. HOUSING POLICE,BRONX,43,INSIDE,RESIDENCE - PUBLIC HOUSING,BD,1020852,240782,40.82749887,-73.86774509,"(40.827498869, -73.867745085)"
105,ROBBERY,394,"ROBBERY,LICENSED FOR HIRE VEHICLE",COMPLETED,FELONY,N.Y. HOUSING POLICE,BRONX,43,FRONT OF,TAXI (LIVERY LICENSED),CH,1027228,237469,40.81837691,-73.84472754,"(40.818376912, -73.844727536)"
109,GRAND LARCENY,419,"LARCENY,GRAND FROM PERSON,UNCL",COMPLETED,FELONY,N.Y. HOUSING POLICE,BRONX,43,FRONT OF,RESIDENCE - PUBLIC HOUSING,BD,1021275,240025,40.82541936,-73.86622081,"(40.825419359, -73.866220811)"
106,FELONY ASSAULT,109,"ASSAULT 2,1,UNCLASSIFIED",COMPLETED,FELONY,N.Y. HOUSING POLICE,BRONX,43,INSIDE,RESIDENCE - PUBLIC HOUSING,SV,1020637,237482,40.8184422,-73.86853985,"(40.818442201, -73.868539851)"
109,GRAND LARCENY,422,"LARCENY,GRAND BY OPEN CREDIT CARD (NEW ACCT)",COMPLETED,FELONY,N.Y. HOUSING POLICE,BRONX,43,INSIDE,RESIDENCE - PUBLIC HOUSING,SV,1020874,237525,40.81855924,-73.86768337,"(40.818559244, -73.867683367)"
105,ROBBERY,397,"ROBBERY,OPEN AREA UNCLASSIFIED",COMPLETED,FELONY,N.Y. HOUSING POLICE,BRONX,43,FRONT OF,RESIDENCE - PUBLIC HOUSING,BD,1021111,240829,40.82762679,-73.86680897,"(40.827626793, -73.866808966)"
106,FELONY ASSAULT,109,"ASSAULT 2,1,UNCLASSIFIED",COMPLETED,FELONY,N.Y. HOUSING POLICE,BRONX,45,INSIDE,RESIDENCE - PUBLIC HOUSING,TN ,1033577,239043,40.82266392,-73.82177792,"(40.822663919, -73.821777915)"
106,FELONY ASSAULT,105,STRANGULATION 1ST,COMPLETED,FELONY,N.Y. HOUSING POLICE,BRONX,43,INSIDE,RESIDENCE - PUBLIC HOUSING,BD,1020325,240688,40.82724303,-73.86964983,"(40.827243034, -73.86964983)"
105,ROBBERY,389,"ROBBERY,DWELLING",COMPLETED,FELONY,N.Y. HOUSING POLICE,BRONX,43,INSIDE,RESIDENCE - PUBLIC HOUSING,CH ,1026268,237961,40.81973193,-73.8481928,"(40.81973193, -73.848192804)"
106,FELONY ASSAULT,109,"ASSAULT 2,1,UNCLASSIFIED",COMPLETED,FELONY,N.Y. HOUSING POLICE,BRONX,45,INSIDE,RESIDENCE - PUBLIC HOUSING,TN ,1032218,239444,40.82377203,-73.82668524,"(40.823772033, -73.826685244)"
109,GRAND LARCENY,422,"LARCENY,GRAND BY OPEN CREDIT CARD (NEW ACCT)",COMPLETED,FELONY,N.Y. HOUSING POLICE,BRONX,40,INSIDE,RESIDENCE - PUBLIC HOUSING,J,1007292,238953,40.82252457,-73.91674855,"(40.822524568, -73.91674855)"
106,FELONY ASSAULT,109,"ASSAULT 2,1,UNCLASSIFIED",COMPLETED,FELONY,N.Y. HOUSING POLICE,BRONX,41,INSIDE,RESIDENCE - PUBLIC HOUSING,L ,1015284,240357,40.82635368,-73.88786624,"(40.826353684, -73.88786624)"
106,FELONY ASSAULT,109,"ASSAULT 2,1,UNCLASSIFIED",COMPLETED,FELONY,N.Y. HOUSING POLICE,BRONX,43,INSIDE,RESIDENCE - PUBLIC HOUSING,CH ,1025708,238315,40.82070621,-73.85021386,"(40.820706205, -73.850213861)"
105,ROBBERY,366,"ROBBERY,BICYCLE",COMPLETED,FELONY,N.Y. POLICE DEPT,BRONX,44,OPPOSITE OF,PARK/PLAYGROUND,CP ,1007976,242140,40.83127016,-73.91426593,"(40.831270161, -73.914265926)"
105,ROBBERY,386,"ROBBERY,PERSONAL ELECTRONIC DEVICE",COMPLETED,FELONY,N.Y. HOUSING POLICE,BRONX,49,FRONT OF,RESIDENCE - PUBLIC HOUSING,PB ,1022660,253758,40.86310646,-73.86113781,"(40.863106463, -73.861137807)"
109,GRAND LARCENY,430,"LARCENY,GRAND BY BANK ACCT COMPROMISE-UNCLASSIFIED",COMPLETED,FELONY,N.Y. HOUSING POLICE,BRONX,49,INSIDE,RESIDENCE - PUBLIC HOUSING,E ,1025376,256698,40.87116362,-73.85130063,"(40.871163624, -73.851300629)"
109,GRAND LARCENY,401,"LARCENY,GRAND BY ACQUIRING LOS",COMPLETED,FELONY,N.Y. HOUSING POLICE,BRONX,43,INSIDE,RESIDENCE - PUBLIC HOUSING,BD,1021275,240025,40.82541936,-73.86622081,"(40.825419359, -73.866220811)"
101,MURDER & NON-NEGL. MANSLAUGHTER,401,ROBBERY,COMPLETED,FELONY,N.Y. HOUSING POLICE,BRONX,40,OUTSIDE,RESIDENCE,MR,1006895,237886,40.81959698,-73.91818655,"(40.819596981, -73.918186548)"
105,ROBBERY,386,"ROBBERY,PERSONAL ELECTRONIC DEVICE",COMPLETED,FELONY,N.Y. HOUSING POLICE,BRONX,40,REAR OF,RESIDENCE - PUBLIC HOUSING,J,1006423,238904,40.8223923,-73.91988849,"(40.8223923, -73.919888489)"
106,FELONY ASSAULT,105,STRANGULATION 1ST,COMPLETED,FELONY,N.Y. HOUSING POLICE,BRONX,49,INSIDE,RESIDENCE - PUBLIC HOUSING,E,1024600,256714,40.87121112,-73.85410634,"(40.871211121, -73.85410634)"
105,ROBBERY,386,"ROBBERY,PERSONAL ELECTRONIC DEVICE",COMPLETED,FELONY,N.Y. HOUSING POLICE,BRONX,43,INSIDE,RESIDENCE - PUBLIC HOUSING,SV,1020891,236726,40.81636615,-73.86762631,"(40.816366145, -73.867626311)"
109,GRAND LARCENY,422,"LARCENY,GRAND BY OPEN CREDIT CARD (NEW ACCT)",COMPLETED,FELONY,N.Y. HOUSING POLICE,BRONX,43,INSIDE,RESIDENCE - PUBLIC HOUSING,CH ,1026382,237309,40.81794183,-73.84778502,"(40.817941833, -73.847785022)"
105,ROBBERY,390,"ROBBERY,HOME INVASION",COMPLETED,FELONY,N.Y. HOUSING POLICE,BRONX,43,INSIDE,RESIDENCE - PUBLIC HOUSING,SV,1020341,237429,40.81829795,-73.86960955,"(40.818297945, -73.869609545)"
105,ROBBERY,390,"ROBBERY,HOME INVASION",ATTEMPTED,FELONY,N.Y. HOUSING POLICE,BRONX,43,INSIDE,RESIDENCE - PUBLIC HOUSING,SV,1020874,237525,40.81855924,-73.86768337,"(40.818559244, -73.867683367)"
106,FELONY ASSAULT,109,"ASSAULT 2,1,UNCLASSIFIED",COMPLETED,FELONY,N.Y. HOUSING POLICE,BRONX,40,INSIDE,RESIDENCE - PUBLIC HOUSING,J,1006423,238904,40.8223923,-73.91988849,"(40.8223923, -73.919888489)"
105,ROBBERY,388,"ROBBERY,RESIDENTIAL COMMON AREA",COMPLETED,FELONY,N.Y. HOUSING POLICE,BRONX,43,INSIDE,RESIDENCE - PUBLIC HOUSING,SV,1020341,237429,40.81829795,-73.86960955,"(40.818297945, -73.869609545)"
106,FELONY ASSAULT,109,"ASSAULT 2,1,UNCLASSIFIED",COMPLETED,FELONY,N.Y. HOUSING POLICE,BRONX,43,INSIDE,RESIDENCE - PUBLIC HOUSING,BD,1021576,240437,40.82654891,-73.86513093,"(40.826548914, -73.865130932)"
105,ROBBERY,394,"ROBBERY,LICENSED FOR HIRE VEHICLE",COMPLETED,FELONY,N.Y. HOUSING POLICE,BRONX,49,FRONT OF,RESIDENCE - PUBLIC HOUSING,E ,1024464,256307,40.87009465,-73.85460052,"(40.870094652, -73.854600523)"
109,GRAND LARCENY,404,"LARCENY,GRAND FROM PERSON,PERSONAL ELECTRONIC DEVICE(SNATCH)",COMPLETED,FELONY,N.Y. HOUSING POLICE,BRONX,40,FRONT OF,RESIDENCE - PUBLIC HOUSING,J,1007292,238953,40.82252457,-73.91674855,"(40.822524568, -73.91674855)"
106,FELONY ASSAULT,109,"ASSAULT 2,1,UNCLASSIFIED",COMPLETED,FELONY,N.Y. HOUSING POLICE,BRONX,43,FRONT OF,RESIDENCE - PUBLIC HOUSING,CH ,1026382,237309,40.81794183,-73.84778502,"(40.817941833, -73.847785022)"
105,ROBBERY,388,"ROBBERY,RESIDENTIAL COMMON AREA",ATTEMPTED,FELONY,N.Y. HOUSING POLICE,BRONX,40,INSIDE,RESIDENCE - PUBLIC HOUSING,MR,1006104,238459,40.8211717,-73.92104251,"(40.821171696, -73.921042512)"
109,GRAND LARCENY,402,"LARCENY,GRAND BY FALSE PROMISE-NOT IN PERSON CONTACT",COMPLETED,FELONY,N.Y. HOUSING POLICE,BRONX,43,INSIDE,RESIDENCE - PUBLIC HOUSING,CH ,1026596,236961,40.81698565,-73.84701407,"(40.816985648, -73.847014071)"
106,FELONY ASSAULT,105,STRANGULATION 1ST,COMPLETED,FELONY,N.Y. HOUSING POLICE,BRONX,44,INSIDE,RESIDENCE - PUBLIC HOUSING,CP ,1009143,242913,40.83338861,-73.91004603,"(40.833388611, -73.910046026)"
109,GRAND LARCENY,457,"LARCENY,GRAND OF VEHICULAR/MOTORCYCLE ACCESSORIES",COMPLETED,FELONY,N.Y. HOUSING POLICE,BRONX,43,FRONT OF,RESIDENCE - PUBLIC HOUSING,BD,1022040,240165,40.82580038,-73.86345589,"(40.825800379, -73.86345589)"
109,GRAND LARCENY,405,"LARCENY,GRAND BY THEFT OF CREDIT CARD",COMPLETED,FELONY,N.Y. POLICE DEPT,BRONX,40,OPPOSITE OF,RESIDENCE - APT. HOUSE,SB ,1010482,234903,40.81139956,-73.90523862,"(40.811399561, -73.905238619)"
110,GRAND LARCENY OF MOTOR VEHICLE,441,"LARCENY,GRAND OF AUTO",COMPLETED,FELONY,N.Y. HOUSING POLICE,BRONX,43,FRONT OF,RESIDENCE - PUBLIC HOUSING,BR ,1017824,243494,40.83495455,-73.87867277,"(40.834954553, -73.878672765)"
106,FELONY ASSAULT,109,"ASSAULT 2,1,UNCLASSIFIED",ATTEMPTED,FELONY,N.Y. HOUSING POLICE,BRONX,43,INSIDE,RESIDENCE - PUBLIC HOUSING,CH,1026596,236961,40.81698565,-73.84701407,"(40.816985648, -73.847014071)"
106,FELONY ASSAULT,105,STRANGULATION 1ST,COMPLETED,FELONY,N.Y. HOUSING POLICE,BRONX,43,INSIDE,RESIDENCE - PUBLIC HOUSING,BD,1022040,240165,40.82580038,-73.86345589,"(40.825800379, -73.86345589)"
109,GRAND LARCENY,412,"LARCENY,GRAND FROM RESIDENCE, UNATTENDED",COMPLETED,FELONY,N.Y. HOUSING POLICE,BRONX,43,INSIDE,RESIDENCE - PUBLIC HOUSING,CH ,1026596,236961,40.81698565,-73.84701407,"(40.816985648, -73.847014071)"
106,FELONY ASSAULT,109,"ASSAULT 2,1,UNCLASSIFIED",COMPLETED,FELONY,N.Y. HOUSING POLICE,BRONX,49,INSIDE,RESIDENCE - PUBLIC HOUSING,E ,1025376,256698,40.87116362,-73.85130063,"(40.871163624, -73.851300629)"
105,ROBBERY,388,"ROBBERY,RESIDENTIAL COMMON AREA",COMPLETED,FELONY,N.Y. HOUSING POLICE,BRONX,45,INSIDE,RESIDENCE - PUBLIC HOUSING,TN ,1033283,237655,40.8188559,-73.82285031,"(40.818855896, -73.822850307)"
109,GRAND LARCENY,404,"LARCENY,GRAND FROM PERSON,PERSONAL ELECTRONIC DEVICE(SNATCH)",COMPLETED,FELONY,N.Y. HOUSING POLICE,BRONX,40,FRONT OF,RESIDENCE - PUBLIC HOUSING,MR,1006895,237886,40.81959698,-73.91818655,"(40.819596981, -73.918186548)"
106,FELONY ASSAULT,109,"ASSAULT 2,1,UNCLASSIFIED",COMPLETED,FELONY,N.Y. HOUSING POLICE,BRONX,42,INSIDE,RESIDENCE - PUBLIC HOUSING,EG ,1009691,239131,40.82300654,-73.90808007,"(40.823006544, -73.90808007)"
105,ROBBERY,389,"ROBBERY,DWELLING",COMPLETED,FELONY,N.Y. HOUSING POLICE,BRONX,41,INSIDE,RESIDENCE - PUBLIC HOUSING,L ,1015284,240357,40.82635368,-73.88786624,"(40.826353684, -73.88786624)"
106,FELONY ASSAULT,109,"ASSAULT 2,1,UNCLASSIFIED",COMPLETED,FELONY,N.Y. HOUSING POLICE,BRONX,43,INSIDE,RESIDENCE - PUBLIC HOUSING,BR ,1018196,243839,40.83590006,-73.8773267,"(40.835900056, -73.877326699)"
109,GRAND LARCENY,438,"LARCENY,GRAND FROM BUILDING (NON-RESIDENCE) UNATTENDED",COMPLETED,FELONY,N.Y. HOUSING POLICE,BRONX,44,INSIDE,RESIDENCE - PUBLIC HOUSING,CP ,1008393,241797,40.8303276,-73.9127603,"(40.830327595, -73.912760304)"
106,FELONY ASSAULT,109,"ASSAULT 2,1,UNCLASSIFIED",COMPLETED,FELONY,N.Y. HOUSING POLICE,BRONX,45,INSIDE,RESIDENCE - PUBLIC HOUSING,TN,1032930,239207,40.82311764,-73.8241144,"(40.823117641, -73.824114397)"
109,GRAND LARCENY,405,"LARCENY,GRAND BY THEFT OF CREDIT CARD",COMPLETED,FELONY,N.Y. HOUSING POLICE,BRONX,49,INSIDE,RESIDENCE - PUBLIC HOUSING,PB ,1022084,251879,40.85795167,-73.86323082,"(40.857951666, -73.863230822)"
106,FELONY ASSAULT,109,"ASSAULT 2,1,UNCLASSIFIED",COMPLETED,FELONY,N.Y. HOUSING POLICE,BRONX,43,INSIDE,RESIDENCE - PUBLIC HOUSING,BR ,1017824,243494,40.83495455,-73.87867277,"(40.834954553, -73.878672765)"
109,GRAND LARCENY,409,"LARCENY,GRAND BY EXTORTION",COMPLETED,FELONY,N.Y. HOUSING POLICE,BRONX,49,INSIDE,RESIDENCE - PUBLIC HOUSING,E ,1025376,256698,40.87116362,-73.85130063,"(40.871163624, -73.851300629)"
110,GRAND LARCENY OF MOTOR VEHICLE,441,"LARCENY,GRAND OF AUTO",COMPLETED,FELONY,N.Y. HOUSING POLICE,BRONX,43,FRONT OF,RESIDENCE - PUBLIC HOUSING,SV,1020891,236726,40.81636615,-73.86762631,"(40.816366145, -73.867626311)"
106,FELONY ASSAULT,109,"ASSAULT 2,1,UNCLASSIFIED",COMPLETED,FELONY,N.Y. HOUSING POLICE,BRONX,45,FRONT OF,RESIDENCE - PUBLIC HOUSING,TN ,1031995,239064,40.82273025,-73.82749368,"(40.822730251, -73.82749368)"
106,FELONY ASSAULT,109,"ASSAULT 2,1,UNCLASSIFIED",COMPLETED,FELONY,N.Y. HOUSING POLICE,BRONX,43,INSIDE,RESIDENCE - PUBLIC HOUSING,CH ,1026999,237853,40.81943199,-73.84555244,"(40.819431994, -73.845552435)"
106,FELONY ASSAULT,109,"ASSAULT 2,1,UNCLASSIFIED",COMPLETED,FELONY,N.Y. HOUSING POLICE,BRONX,43,INSIDE,RESIDENCE - PUBLIC HOUSING,CH ,1026999,237853,40.81943199,-73.84555244,"(40.819431994, -73.845552435)"
106,FELONY ASSAULT,109,"ASSAULT 2,1,UNCLASSIFIED",COMPLETED,FELONY,N.Y. HOUSING POLICE,BRONX,43,INSIDE,RESIDENCE - PUBLIC HOUSING,CH,1025580,236918,40.81687244,-73.85068493,"(40.816872438, -73.850684927)"
106,FELONY ASSAULT,109,"ASSAULT 2,1,UNCLASSIFIED",COMPLETED,FELONY,N.Y. HOUSING POLICE,BRONX,49,FRONT OF,RESIDENCE - PUBLIC HOUSING,PB ,1022649,253078,40.86124012,-73.86118147,"(40.861240119, -73.861181471)"
106,FELONY ASSAULT,109,"ASSAULT 2,1,UNCLASSIFIED",COMPLETED,FELONY,N.Y. HOUSING POLICE,BRONX,44,INSIDE,RESIDENCE - PUBLIC HOUSING,CP ,1008187,241345,40.82908755,-73.9135063,"(40.829087545, -73.9135063)"
106,FELONY ASSAULT,109,"ASSAULT 2,1,UNCLASSIFIED",COMPLETED,FELONY,N.Y. HOUSING POLICE,BRONX,44,INSIDE,RESIDENCE - PUBLIC HOUSING,CP ,1008187,241345,40.82908755,-73.9135063,"(40.829087545, -73.9135063)"
106,FELONY ASSAULT,105,STRANGULATION 1ST,COMPLETED,FELONY,N.Y. HOUSING POLICE,BRONX,40,INSIDE,RESIDENCE - PUBLIC HOUSING,J,1007292,238953,40.82252457,-73.91674855,"(40.822524568, -73.91674855)"
109,GRAND LARCENY,419,"LARCENY,GRAND FROM PERSON,UNCL",COMPLETED,FELONY,N.Y. HOUSING POLICE,BRONX,43,FRONT OF,RESIDENCE - PUBLIC HOUSING,BD,1021576,240437,40.82654891,-73.86513093,"(40.826548914, -73.865130932)"
106,FELONY ASSAULT,109,"ASSAULT 2,1,UNCLASSIFIED",COMPLETED,FELONY,N.Y. HOUSING POLICE,BRONX,43,INSIDE,RESIDENCE - PUBLIC HOUSING,BD,1020325,240688,40.82724303,-73.86964983,"(40.827243034, -73.86964983)"
106,FELONY ASSAULT,105,STRANGULATION 1ST,COMPLETED,FELONY,N.Y. HOUSING POLICE,BRONX,49,INSIDE,RESIDENCE - PUBLIC HOUSING,E ,1025362,256065,40.8694263,-73.85135513,"(40.8694263, -73.851355133)"
106,FELONY ASSAULT,109,"ASSAULT 2,1,UNCLASSIFIED",COMPLETED,FELONY,N.Y. HOUSING POLICE,BRONX,42,REAR OF,RESIDENCE - PUBLIC HOUSING,CP ,1011762,244572,40.83793432,-73.90057499,"(40.837934315, -73.900574992)"
106,FELONY ASSAULT,106,"ASSAULT 2,1,PEACE OFFICER",COMPLETED,FELONY,N.Y. HOUSING POLICE,BRONX,43,REAR OF,RESIDENCE - PUBLIC HOUSING,CH ,1025580,236918,40.81687244,-73.85068493,"(40.816872438, -73.850684927)"
106,FELONY ASSAULT,109,"ASSAULT 2,1,UNCLASSIFIED",COMPLETED,FELONY,N.Y. HOUSING POLICE,BRONX,42,FRONT OF,RESIDENCE - PUBLIC HOUSING,WB,1009295,242593,40.83250987,-73.90949794,"(40.832509874, -73.909497941)"
105,ROBBERY,386,"ROBBERY,PERSONAL ELECTRONIC DEVICE",COMPLETED,FELONY,N.Y. HOUSING POLICE,BRONX,45,OPPOSITE OF,RESIDENCE - PUBLIC HOUSING,TN ,1033283,237655,40.8188559,-73.82285031,"(40.818855896, -73.822850307)"
110,GRAND LARCENY OF MOTOR VEHICLE,441,"LARCENY,GRAND OF AUTO",COMPLETED,FELONY,N.Y. HOUSING POLICE,BRONX,45,FRONT OF,RESIDENCE - PUBLIC HOUSING,TN,1032948,238316,40.820672,-73.82405583,"(40.820672004, -73.824055827)"
105,ROBBERY,388,"ROBBERY,RESIDENTIAL COMMON AREA",COMPLETED,FELONY,N.Y. HOUSING POLICE,BRONX,43,INSIDE,RESIDENCE - PUBLIC HOUSING,BD,1021275,240025,40.82541936,-73.86622081,"(40.825419359, -73.866220811)"
109,GRAND LARCENY,437,"LARCENY,GRAND BY FALSE PROMISE-IN PERSON CONTACT",COMPLETED,FELONY,N.Y. HOUSING POLICE,BRONX,43,REAR OF,RESIDENCE - PUBLIC HOUSING,CH,1025866,238415,40.82097993,-73.84964239,"(40.820979933, -73.849642388)"
106,FELONY ASSAULT,109,"ASSAULT 2,1,UNCLASSIFIED",COMPLETED,FELONY,N.Y. HOUSING POLICE,BRONX,43,INSIDE,RESIDENCE - PUBLIC HOUSING,CH ,1025708,238315,40.82070621,-73.85021386,"(40.820706205, -73.850213861)"
105,ROBBERY,398,"ROBBERY,PUBLIC PLACE INSIDE",COMPLETED,FELONY,N.Y. HOUSING POLICE,BRONX,40,REAR OF,RESIDENCE - PUBLIC HOUSING,MR,1006895,237886,40.81959698,-73.91818655,"(40.819596981, -73.918186548)"
105,ROBBERY,389,"ROBBERY,DWELLING",COMPLETED,FELONY,N.Y. HOUSING POLICE,BRONX,43,INSIDE,RESIDENCE - PUBLIC HOUSING,BD,1021623,240919,40.82787167,-73.86495842,"(40.827871665, -73.864958422)"
105,ROBBERY,389,"ROBBERY,DWELLING",COMPLETED,FELONY,N.Y. HOUSING POLICE,BRONX,45,INSIDE,RESIDENCE - PUBLIC HOUSING,TN ,1032398,238443,40.8210236,-73.82604206,"(40.821023597, -73.826042057)"
106,FELONY ASSAULT,109,"ASSAULT 2,1,UNCLASSIFIED",COMPLETED,FELONY,N.Y. HOUSING POLICE,BRONX,40,INSIDE,RESIDENCE - PUBLIC HOUSING,J,1007157,238626,40.8216274,-73.91723743,"(40.821627397, -73.917237434)"
106,FELONY ASSAULT,105,STRANGULATION 1ST,COMPLETED,FELONY,N.Y. HOUSING POLICE,BRONX,43,INSIDE,RESIDENCE - PUBLIC HOUSING,CH ,1025622,237609,40.81876884,-73.85052893,"(40.818768839, -73.850528931)"
106,FELONY ASSAULT,105,STRANGULATION 1ST,COMPLETED,FELONY,N.Y. HOUSING POLICE,BRONX,41,INSIDE,RESIDENCE - PUBLIC HOUSING,L ,1015284,240357,40.82635368,-73.88786624,"(40.826353684, -73.88786624)"
109,GRAND LARCENY,405,"LARCENY,GRAND BY THEFT OF CREDIT CARD",COMPLETED,FELONY,N.Y. HOUSING POLICE,BRONX,44,INSIDE,RESIDENCE - PUBLIC HOUSING,CP ,1008393,241797,40.8303276,-73.9127603,"(40.830327595, -73.912760304)"
106,FELONY ASSAULT,109,"ASSAULT 2,1,UNCLASSIFIED",ATTEMPTED,FELONY,N.Y. HOUSING POLICE,BRONX,45,INSIDE,RESIDENCE - PUBLIC HOUSING,TN ,1032930,239207,40.82311764,-73.8241144,"(40.823117641, -73.824114397)"
105,ROBBERY,388,"ROBBERY,RESIDENTIAL COMMON AREA",COMPLETED,FELONY,N.Y. HOUSING POLICE,BRONX,45,INSIDE,RESIDENCE - PUBLIC HOUSING,TN  ,1032393,238855,40.82215445,-73.82605717,"(40.822154446, -73.826057166)"
105,ROBBERY,388,"ROBBERY,RESIDENTIAL COMMON AREA",COMPLETED,FELONY,N.Y. HOUSING POLICE,BRONX,43,INSIDE,RESIDENCE - PUBLIC HOUSING,SV,1021342,237277,40.8178766,-73.86599391,"(40.817876601, -73.865993913)"
109,GRAND LARCENY,412,"LARCENY,GRAND FROM RESIDENCE, UNATTENDED",COMPLETED,FELONY,N.Y. HOUSING POLICE,BRONX,49,INSIDE,RESIDENCE - PUBLIC HOUSING,PB ,1022649,253078,40.86124012,-73.86118147,"(40.861240119, -73.861181471)"
109,GRAND LARCENY,425,"LARCENY,GRAND BY BANK ACCT COMPROMISE-ATM TRANSACTION",COMPLETED,FELONY,N.Y. HOUSING POLICE,BRONX,41,INSIDE,RESIDENCE - PUBLIC HOUSING,L ,1015284,240357,40.82635368,-73.88786624,"(40.826353684, -73.88786624)"
106,FELONY ASSAULT,106,"ASSAULT 2,1,PEACE OFFICER",ATTEMPTED,FELONY,N.Y. HOUSING POLICE,BRONX,40,INSIDE,RESIDENCE - PUBLIC HOUSING,J,1007157,238626,40.8216274,-73.91723743,"(40.821627397, -73.917237434)"
101,MURDER & NON-NEGL. MANSLAUGHTER,421,ROBBERY,COMPLETED,FELONY,N.Y. HOUSING POLICE,BRONX,43,OUTSIDE,RESIDENCE,BD,1021623,240919,40.82787167,-73.86495842,"(40.827871665, -73.864958422)"
109,GRAND LARCENY,421,"LARCENY,GRAND FROM VEHICLE/MOTORCYCLE",COMPLETED,FELONY,N.Y. HOUSING POLICE,BRONX,43,REAR OF,RESIDENCE - PUBLIC HOUSING,SV,1020891,236726,40.81636615,-73.86762631,"(40.816366145, -73.867626311)"
106,FELONY ASSAULT,109,"ASSAULT 2,1,UNCLASSIFIED",COMPLETED,FELONY,N.Y. HOUSING POLICE,BRONX,44,INSIDE,RESIDENCE - PUBLIC HOUSING,CP ,1009143,242913,40.83338861,-73.91004603,"(40.833388611, -73.910046026)"
105,ROBBERY,388,"ROBBERY,RESIDENTIAL COMMON AREA",COMPLETED,FELONY,N.Y. HOUSING POLICE,BRONX,45,INSIDE,RESIDENCE - PUBLIC HOUSING,TN ,1032948,238316,40.820672,-73.82405583,"(40.820672004, -73.824055827)"
105,ROBBERY,397,"ROBBERY,OPEN AREA UNCLASSIFIED",COMPLETED,FELONY,N.Y. HOUSING POLICE,BRONX,43,REAR OF,RESIDENCE - PUBLIC HOUSING,CH ,1025580,236918,40.81687244,-73.85068493,"(40.816872438, -73.850684927)"
105,ROBBERY,394,"ROBBERY,LICENSED FOR HIRE VEHICLE",COMPLETED,FELONY,N.Y. HOUSING POLICE,BRONX,43,FRONT OF,RESIDENCE - PUBLIC HOUSING,BR ,1017824,243494,40.83495455,-73.87867277,"(40.834954553, -73.878672765)"
106,FELONY ASSAULT,109,"ASSAULT 2,1,UNCLASSIFIED",COMPLETED,FELONY,N.Y. HOUSING POLICE,BRONX,42,INSIDE,RESIDENCE - PUBLIC HOUSING,WB,1009295,242593,40.83250987,-73.90949794,"(40.832509874, -73.909497941)"
106,FELONY ASSAULT,109,"ASSAULT 2,1,UNCLASSIFIED",COMPLETED,FELONY,N.Y. HOUSING POLICE,BRONX,42,INSIDE,RESIDENCE - PUBLIC HOUSING,WB,1009295,242593,40.83250987,-73.90949794,"(40.832509874, -73.909497941)"
109,GRAND LARCENY,402,"LARCENY,GRAND BY FALSE PROMISE-NOT IN PERSON CONTACT",COMPLETED,FELONY,N.Y. HOUSING POLICE,BRONX,43,INSIDE,RESIDENCE - PUBLIC HOUSING,SV,1021490,236442,40.81558414,-73.86546385,"(40.81558414, -73.865463846)"
106,FELONY ASSAULT,109,"ASSAULT 2,1,UNCLASSIFIED",COMPLETED,FELONY,N.Y. HOUSING POLICE,BRONX,43,INSIDE,RESIDENCE - PUBLIC HOUSING,CH ,1026596,236961,40.81698565,-73.84701407,"(40.816985648, -73.847014071)"
106,FELONY ASSAULT,109,"ASSAULT 2,1,UNCLASSIFIED",COMPLETED,FELONY,N.Y. HOUSING POLICE,BRONX,43,INSIDE,RESIDENCE - PUBLIC HOUSING,BR ,1018829,243632,40.83532945,-73.87504022,"(40.835329446, -73.87504022)"
106,FELONY ASSAULT,109,"ASSAULT 2,1,UNCLASSIFIED",ATTEMPTED,FELONY,N.Y. HOUSING POLICE,BRONX,49,FRONT OF,RESIDENCE - PUBLIC HOUSING,E ,1025633,256717,40.87121457,-73.85037127,"(40.871214572, -73.850371269)"
106,FELONY ASSAULT,109,"ASSAULT 2,1,UNCLASSIFIED",ATTEMPTED,FELONY,N.Y. HOUSING POLICE,BRONX,49,FRONT OF,RESIDENCE - PUBLIC HOUSING,E ,1025633,256717,40.87121457,-73.85037127,"(40.871214572, -73.850371269)"
106,FELONY ASSAULT,109,"ASSAULT 2,1,UNCLASSIFIED",COMPLETED,FELONY,N.Y. HOUSING POLICE,BRONX,43,INSIDE,RESIDENCE - PUBLIC HOUSING,BR,1017824,243494,40.83495455,-73.87867277,"(40.834954553, -73.878672765)"
106,FELONY ASSAULT,109,"ASSAULT 2,1,UNCLASSIFIED",ATTEMPTED,FELONY,N.Y. HOUSING POLICE,BRONX,43,OPPOSITE OF,RESIDENCE - PUBLIC HOUSING,CH ,1025580,236918,40.81687244,-73.85068493,"(40.816872438, -73.850684927)"
105,ROBBERY,382,"ROBBERY,NECKCHAIN/JEWELRY",COMPLETED,FELONY,N.Y. HOUSING POLICE,BRONX,43,FRONT OF,RESIDENCE - PUBLIC HOUSING,BR ,1018216,242660,40.83266397,-73.87726039,"(40.832663967, -73.877260393)"
106,FELONY ASSAULT,109,"ASSAULT 2,1,UNCLASSIFIED",COMPLETED,FELONY,N.Y. HOUSING POLICE,BRONX,43,INSIDE,RESIDENCE - PUBLIC HOUSING,SV,1020637,237482,40.8184422,-73.86853985,"(40.818442201, -73.868539851)"
109,GRAND LARCENY,422,"LARCENY,GRAND BY OPEN CREDIT CARD (NEW ACCT)",COMPLETED,FELONY,N.Y. HOUSING POLICE,BRONX,45,INSIDE,RESIDENCE - PUBLIC HOUSING,TN ,1033396,238306,40.82064208,-73.82243728,"(40.820642076, -73.822437283)"
105,ROBBERY,386,"ROBBERY,PERSONAL ELECTRONIC DEVICE",COMPLETED,FELONY,N.Y. HOUSING POLICE,BRONX,40,INSIDE,RESIDENCE - PUBLIC HOUSING,J,1006423,238904,40.8223923,-73.91988849,"(40.8223923, -73.919888489)"
105,ROBBERY,389,"ROBBERY,DWELLING",COMPLETED,FELONY,N.Y. HOUSING POLICE,BRONX,45,INSIDE,RESIDENCE - PUBLIC HOUSING,TN  ,1032398,238443,40.8210236,-73.82604206,"(40.821023597, -73.826042057)"
106,FELONY ASSAULT,109,"ASSAULT 2,1,UNCLASSIFIED",COMPLETED,FELONY,N.Y. HOUSING POLICE,BRONX,43,INSIDE,RESIDENCE - PUBLIC HOUSING,CH,1026268,237961,40.81973193,-73.8481928,"(40.81973193, -73.848192804)"
106,FELONY ASSAULT,109,"ASSAULT 2,1,UNCLASSIFIED",COMPLETED,FELONY,N.Y. HOUSING POLICE,BRONX,43,FRONT OF,RESIDENCE - PUBLIC HOUSING,SV,1021490,236442,40.81558414,-73.86546385,"(40.81558414, -73.865463846)"
109,GRAND LARCENY,415,"LARCENY,GRAND FROM PERSON,PICK",COMPLETED,FELONY,N.Y. HOUSING POLICE,BRONX,40,REAR OF,RESIDENCE - PUBLIC HOUSING,MR,1006104,238459,40.8211717,-73.92104251,"(40.821171696, -73.921042512)"
106,FELONY ASSAULT,109,"ASSAULT 2,1,UNCLASSIFIED",COMPLETED,FELONY,N.Y. HOUSING POLICE,BRONX,42,INSIDE,RESIDENCE - PUBLIC HOUSING,H ,1015430,243958,40.83623688,-73.88732196,"(40.836236875, -73.887321962)"
105,ROBBERY,384,"ROBBERY,POCKETBOOK/CARRIED BAG",ATTEMPTED,FELONY,N.Y. HOUSING POLICE,BRONX,46,REAR OF,RESIDENCE - PUBLIC HOUSING,S,1005852,247414,40.84575121,-73.92192416,"(40.845751206, -73.921924155)"
105,ROBBERY,386,"ROBBERY,PERSONAL ELECTRONIC DEVICE",COMPLETED,FELONY,N.Y. HOUSING POLICE,BRONX,46,FRONT OF,RESIDENCE - PUBLIC HOUSING,U ,1008176,249832,40.85238191,-73.91351577,"(40.852381909, -73.913515771)"
110,GRAND LARCENY OF MOTOR VEHICLE,441,"LARCENY,GRAND OF AUTO",COMPLETED,FELONY,N.Y. HOUSING POLICE,BRONX,43,FRONT OF,RESIDENCE - PUBLIC HOUSING,CH ,1025580,236918,40.81687244,-73.85068493,"(40.816872438, -73.850684927)"
106,FELONY ASSAULT,109,"ASSAULT 2,1,UNCLASSIFIED",COMPLETED,FELONY,N.Y. POLICE DEPT,BRONX,45,OPPOSITE OF,STREET,TN ,1032398,238443,40.8210236,-73.82604206,"(40.821023597, -73.826042057)"
106,FELONY ASSAULT,109,"ASSAULT 2,1,UNCLASSIFIED",COMPLETED,FELONY,N.Y. HOUSING POLICE,BRONX,44,INSIDE,RESIDENCE - PUBLIC HOUSING,CP ,1009143,242913,40.83338861,-73.91004603,"(40.833388611, -73.910046026)"
105,ROBBERY,389,"ROBBERY,DWELLING",COMPLETED,FELONY,N.Y. HOUSING POLICE,BRONX,42,INSIDE,RESIDENCE - PUBLIC HOUSING,WB,1009394,242828,40.8331546,-73.90913931,"(40.833154599, -73.909139311)"
106,FELONY ASSAULT,109,"ASSAULT 2,1,UNCLASSIFIED",COMPLETED,FELONY,N.Y. HOUSING POLICE,BRONX,42,INSIDE,RESIDENCE - PUBLIC HOUSING,H,1015430,243958,40.83623688,-73.88732196,"(40.836236875, -73.887321962)"
101,MURDER & NON-NEGL. MANSLAUGHTER,397,ROBBERY,COMPLETED,FELONY,N.Y. HOUSING POLICE,BRONX,49,OUTSIDE,RESIDENCE,PB ,1022082,252494,40.85963966,-73.86323458,"(40.859639663, -73.86323458)"
105,ROBBERY,397,"ROBBERY,OPEN AREA UNCLASSIFIED",COMPLETED,FELONY,N.Y. HOUSING POLICE,BRONX,43,REAR OF,RESIDENCE - PUBLIC HOUSING,CH,1026596,236961,40.81698565,-73.84701407,"(40.816985648, -73.847014071)"
109,GRAND LARCENY,404,"LARCENY,GRAND FROM PERSON,PERSONAL ELECTRONIC DEVICE(SNATCH)",COMPLETED,FELONY,N.Y. HOUSING POLICE,BRONX,43,FRONT OF,RESIDENCE - PUBLIC HOUSING,BD,1021275,240025,40.82541936,-73.86622081,"(40.825419359, -73.866220811)"
106,FELONY ASSAULT,106,"ASSAULT 2,1,PEACE OFFICER",COMPLETED,FELONY,N.Y. HOUSING POLICE,BRONX,45,FRONT OF,RESIDENCE - PUBLIC HOUSING,TN ,1033283,237655,40.8188559,-73.82285031,"(40.818855896, -73.822850307)"
106,FELONY ASSAULT,109,"ASSAULT 2,1,UNCLASSIFIED",COMPLETED,FELONY,N.Y. HOUSING POLICE,BRONX,43,REAR OF,RESIDENCE - PUBLIC HOUSING,CH ,1025622,237609,40.81876884,-73.85052893,"(40.818768839, -73.850528931)"
109,GRAND LARCENY,457,"LARCENY,GRAND OF VEHICULAR/MOTORCYCLE ACCESSORIES",COMPLETED,FELONY,N.Y. HOUSING POLICE,BRONX,43,FRONT OF,RESIDENCE - PUBLIC HOUSING,SV,1020891,236726,40.81636615,-73.86762631,"(40.816366145, -73.867626311)"
105,ROBBERY,397,"ROBBERY,OPEN AREA UNCLASSIFIED",COMPLETED,FELONY,N.Y. HOUSING POLICE,BRONX,43,FRONT OF,RESIDENCE - PUBLIC HOUSING,BD,1021275,240025,40.82541936,-73.86622081,"(40.825419359, -73.866220811)"
106,FELONY ASSAULT,109,"ASSAULT 2,1,UNCLASSIFIED",COMPLETED,FELONY,N.Y. HOUSING POLICE,BRONX,43,INSIDE,RESIDENCE - PUBLIC HOUSING,CH ,1026304,236909,40.81684432,-73.84806933,"(40.816844318, -73.848069331)"
106,FELONY ASSAULT,109,"ASSAULT 2,1,UNCLASSIFIED",COMPLETED,FELONY,N.Y. HOUSING POLICE,BRONX,43,INSIDE,RESIDENCE - PUBLIC HOUSING,CH ,1026268,237961,40.81973193,-73.8481928,"(40.81973193, -73.848192804)"
106,FELONY ASSAULT,109,"ASSAULT 2,1,UNCLASSIFIED",COMPLETED,FELONY,N.Y. HOUSING POLICE,BRONX,43,INSIDE,RESIDENCE - PUBLIC HOUSING,CH ,1026268,237961,40.81973193,-73.8481928,"(40.81973193, -73.848192804)"
105,ROBBERY,386,"ROBBERY,PERSONAL ELECTRONIC DEVICE",COMPLETED,FELONY,N.Y. HOUSING POLICE,BRONX,45,FRONT OF,RESIDENCE - PUBLIC HOUSING,TN ,1032398,238443,40.8210236,-73.82604206,"(40.821023597, -73.826042057)"
109,GRAND LARCENY,405,"LARCENY,GRAND BY THEFT OF CREDIT CARD",COMPLETED,FELONY,N.Y. HOUSING POLICE,BRONX,43,REAR OF,RESIDENCE - PUBLIC HOUSING,BR ,1017824,243494,40.83495455,-73.87867277,"(40.834954553, -73.878672765)"
105,ROBBERY,388,"ROBBERY,RESIDENTIAL COMMON AREA",COMPLETED,FELONY,N.Y. HOUSING POLICE,BRONX,46,INSIDE,RESIDENCE - PUBLIC HOUSING,S,1005852,247414,40.84575121,-73.92192416,"(40.845751206, -73.921924155)"
105,ROBBERY,386,"ROBBERY,PERSONAL ELECTRONIC DEVICE",COMPLETED,FELONY,N.Y. HOUSING POLICE,BRONX,43,FRONT OF,RESIDENCE - PUBLIC HOUSING,BD,1021275,240025,40.82541936,-73.86622081,"(40.825419359, -73.866220811)"
105,ROBBERY,386,"ROBBERY,PERSONAL ELECTRONIC DEVICE",COMPLETED,FELONY,N.Y. HOUSING POLICE,BRONX,45,FRONT OF,RESIDENCE - PUBLIC HOUSING,TN  ,1032948,238316,40.820672,-73.82405583,"(40.820672004, -73.824055827)"
106,FELONY ASSAULT,109,"ASSAULT 2,1,UNCLASSIFIED",COMPLETED,FELONY,N.Y. HOUSING POLICE,BRONX,49,FRONT OF,RESIDENCE - PUBLIC HOUSING,PB ,1022084,251879,40.85795167,-73.86323082,"(40.857951666, -73.863230822)"
110,GRAND LARCENY OF MOTOR VEHICLE,441,"LARCENY,GRAND OF AUTO",COMPLETED,FELONY,N.Y. HOUSING POLICE,BRONX,43,REAR OF,RESIDENCE - PUBLIC HOUSING,CH,1026382,237309,40.81794183,-73.84778502,"(40.817941833, -73.847785022)"
106,FELONY ASSAULT,106,"ASSAULT 2,1,PEACE OFFICER",COMPLETED,FELONY,N.Y. HOUSING POLICE,BRONX,43,FRONT OF,RESIDENCE - PUBLIC HOUSING,SV,1020891,236726,40.81636615,-73.86762631,"(40.816366145, -73.867626311)"
109,GRAND LARCENY,457,"LARCENY,GRAND OF VEHICULAR/MOTORCYCLE ACCESSORIES",COMPLETED,FELONY,N.Y. HOUSING POLICE,BRONX,43,FRONT OF,RESIDENCE - PUBLIC HOUSING,CH ,1026127,237697,40.819008,-73.84870388,"(40.819007995, -73.848703875)"
106,FELONY ASSAULT,109,"ASSAULT 2,1,UNCLASSIFIED",COMPLETED,FELONY,N.Y. HOUSING POLICE,BRONX,43,INSIDE,RESIDENCE - PUBLIC HOUSING,SV,1020874,237525,40.81855924,-73.86768337,"(40.818559244, -73.867683367)"
110,GRAND LARCENY OF MOTOR VEHICLE,441,"LARCENY,GRAND OF AUTO",COMPLETED,FELONY,N.Y. HOUSING POLICE,BRONX,43,FRONT OF,RESIDENCE - PUBLIC HOUSING,BR ,1017824,243494,40.83495455,-73.87867277,"(40.834954553, -73.878672765)"
109,GRAND LARCENY,412,"LARCENY,GRAND FROM RESIDENCE, UNATTENDED",COMPLETED,FELONY,N.Y. HOUSING POLICE,BRONX,43,INSIDE,RESIDENCE - PUBLIC HOUSING,BR ,1017824,243494,40.83495455,-73.87867277,"(40.834954553, -73.878672765)"
106,FELONY ASSAULT,109,"ASSAULT 2,1,UNCLASSIFIED",COMPLETED,FELONY,N.Y. HOUSING POLICE,BRONX,43,INSIDE,RESIDENCE - PUBLIC HOUSING,SV,1020891,236726,40.81636615,-73.86762631,"(40.816366145, -73.867626311)"
106,FELONY ASSAULT,109,"ASSAULT 2,1,UNCLASSIFIED",ATTEMPTED,FELONY,N.Y. HOUSING POLICE,BRONX,43,INSIDE,RESIDENCE - PUBLIC HOUSING,SV,1020891,236726,40.81636615,-73.86762631,"(40.816366145, -73.867626311)"
105,ROBBERY,389,"ROBBERY,DWELLING",COMPLETED,FELONY,N.Y. HOUSING POLICE,BRONX,44,INSIDE,RESIDENCE - PUBLIC HOUSING,CP ,1009143,242913,40.83338861,-73.91004603,"(40.833388611, -73.910046026)"
109,GRAND LARCENY,412,"LARCENY,GRAND FROM RESIDENCE, UNATTENDED",COMPLETED,FELONY,N.Y. HOUSING POLICE,BRONX,40,INSIDE,RESIDENCE - PUBLIC HOUSING,SB ,1009827,238606,40.82156517,-73.90759069,"(40.821565174, -73.907590687)"
109,GRAND LARCENY,404,"LARCENY,GRAND FROM PERSON,PERSONAL ELECTRONIC DEVICE(SNATCH)",COMPLETED,FELONY,N.Y. HOUSING POLICE,BRONX,45,FRONT OF,RESIDENCE - PUBLIC HOUSING,TN ,1032948,238316,40.820672,-73.82405583,"(40.820672004, -73.824055827)"
106,FELONY ASSAULT,109,"ASSAULT 2,1,UNCLASSIFIED",COMPLETED,FELONY,N.Y. HOUSING POLICE,BRONX,42,INSIDE,RESIDENCE - PUBLIC HOUSING,H ,1015430,243958,40.83623688,-73.88732196,"(40.836236875, -73.887321962)"
105,ROBBERY,389,"ROBBERY,DWELLING",COMPLETED,FELONY,N.Y. HOUSING POLICE,BRONX,45,INSIDE,RESIDENCE - PUBLIC HOUSING,TN ,1033396,238306,40.82064208,-73.82243728,"(40.820642076, -73.822437283)"
106,FELONY ASSAULT,109,"ASSAULT 2,1,UNCLASSIFIED",COMPLETED,FELONY,N.Y. HOUSING POLICE,BRONX,43,INSIDE,RESIDENCE - PUBLIC HOUSING,CH ,1025866,238415,40.82097993,-73.84964239,"(40.820979933, -73.849642388)"
106,FELONY ASSAULT,105,STRANGULATION 1ST,COMPLETED,FELONY,N.Y. HOUSING POLICE,BRONX,49,INSIDE,RESIDENCE - PUBLIC HOUSING,E ,1024858,256708,40.87119347,-73.85317352,"(40.871193469, -73.853173517)"
105,ROBBERY,389,"ROBBERY,DWELLING",COMPLETED,FELONY,N.Y. HOUSING POLICE,BRONX,45,INSIDE,RESIDENCE - PUBLIC HOUSING,TN ,1032393,238855,40.82215445,-73.82605717,"(40.822154446, -73.826057166)"
106,FELONY ASSAULT,109,"ASSAULT 2,1,UNCLASSIFIED",COMPLETED,FELONY,N.Y. HOUSING POLICE,BRONX,43,INSIDE,RESIDENCE - PUBLIC HOUSING,BD,1021367,240874,40.82774923,-73.8658837,"(40.827749233, -73.865883696)"
110,GRAND LARCENY OF MOTOR VEHICLE,441,"LARCENY,GRAND OF AUTO",COMPLETED,FELONY,N.Y. POLICE DEPT,BRONX,43,OPPOSITE OF,STREET,CH,1027228,237469,40.81837691,-73.84472754,"(40.818376912, -73.844727536)"
106,FELONY ASSAULT,109,"ASSAULT 2,1,UNCLASSIFIED",COMPLETED,FELONY,N.Y. HOUSING POLICE,BRONX,40,FRONT OF,RESIDENCE - PUBLIC HOUSING,MR,1006104,238459,40.8211717,-73.92104251,"(40.821171696, -73.921042512)"
106,FELONY ASSAULT,109,"ASSAULT 2,1,UNCLASSIFIED",COMPLETED,FELONY,N.Y. HOUSING POLICE,BRONX,40,FRONT OF,RESIDENCE - PUBLIC HOUSING,MR,1006104,238459,40.8211717,-73.92104251,"(40.821171696, -73.921042512)"
105,ROBBERY,388,"ROBBERY,RESIDENTIAL COMMON AREA",ATTEMPTED,FELONY,N.Y. HOUSING POLICE,BRONX,40,INSIDE,RESIDENCE - PUBLIC HOUSING,MR,1006104,238459,40.8211717,-73.92104251,"(40.821171696, -73.921042512)"
105,ROBBERY,397,"ROBBERY,OPEN AREA UNCLASSIFIED",COMPLETED,FELONY,N.Y. POLICE DEPT,BRONX,45,OPPOSITE OF,STREET,TN ,1033040,237544,40.81855258,-73.82372905,"(40.818552578, -73.823729046)"
106,FELONY ASSAULT,109,"ASSAULT 2,1,UNCLASSIFIED",COMPLETED,FELONY,N.Y. HOUSING POLICE,BRONX,40,FRONT OF,RESIDENCE - PUBLIC HOUSING,J,1006623,239075,40.82286114,-73.9191653,"(40.822861142, -73.919165302)"
106,FELONY ASSAULT,109,"ASSAULT 2,1,UNCLASSIFIED",COMPLETED,FELONY,N.Y. HOUSING POLICE,BRONX,43,INSIDE,RESIDENCE - PUBLIC HOUSING,BD,1020544,239893,40.82506009,-73.86886281,"(40.82506009, -73.868862808)"
106,FELONY ASSAULT,109,"ASSAULT 2,1,UNCLASSIFIED",COMPLETED,FELONY,N.Y. HOUSING POLICE,BRONX,43,INSIDE,RESIDENCE - PUBLIC HOUSING,CH ,1026999,237853,40.81943199,-73.84555244,"(40.819431994, -73.845552435)"
109,GRAND LARCENY,405,"LARCENY,GRAND BY THEFT OF CREDIT CARD",COMPLETED,FELONY,N.Y. HOUSING POLICE,BRONX,45,INSIDE,RESIDENCE - PUBLIC HOUSING,TN ,1033678,238650,40.82158468,-73.82141589,"(40.821584683, -73.821415888)"
101,MURDER & NON-NEGL. MANSLAUGHTER,405,ROBBERY,COMPLETED,FELONY,N.Y. HOUSING POLICE,BRONX,43,INSIDE,RESIDENCE,SV,1020891,236726,40.81636615,-73.86762631,"(40.816366145, -73.867626311)"
105,ROBBERY,397,"ROBBERY,OPEN AREA UNCLASSIFIED",COMPLETED,FELONY,N.Y. HOUSING POLICE,BRONX,45,FRONT OF,RESIDENCE - PUBLIC HOUSING,TN ,1032948,238316,40.820672,-73.82405583,"(40.820672004, -73.824055827)"
106,FELONY ASSAULT,109,"ASSAULT 2,1,UNCLASSIFIED",COMPLETED,FELONY,N.Y. HOUSING POLICE,BRONX,40,INSIDE,RESIDENCE - PUBLIC HOUSING,MH ,1005426,235225,40.81229693,-73.92350234,"(40.812296927, -73.923502342)"
105,ROBBERY,397,"ROBBERY,OPEN AREA UNCLASSIFIED",COMPLETED,FELONY,N.Y. HOUSING POLICE,BRONX,43,FRONT OF,RESIDENCE - PUBLIC HOUSING,CH ,1026999,237853,40.81943199,-73.84555244,"(40.819431994, -73.845552435)"
105,ROBBERY,389,"ROBBERY,DWELLING",COMPLETED,FELONY,N.Y. HOUSING POLICE,BRONX,45,INSIDE,RESIDENCE - PUBLIC HOUSING,TN ,1032398,238443,40.8210236,-73.82604206,"(40.821023597, -73.826042057)"
106,FELONY ASSAULT,109,"ASSAULT 2,1,UNCLASSIFIED",ATTEMPTED,FELONY,N.Y. HOUSING POLICE,BRONX,43,INSIDE,RESIDENCE - PUBLIC HOUSING,CHE ,1026382,237309,40.81794183,-73.84778502,"(40.817941833, -73.847785022)"
109,GRAND LARCENY,421,"LARCENY,GRAND FROM VEHICLE/MOTORCYCLE",COMPLETED,FELONY,N.Y. HOUSING POLICE,BRONX,43,FRONT OF,RESIDENCE - PUBLIC HOUSING,BD,1021275,240025,40.82541936,-73.86622081,"(40.825419359, -73.866220811)"
105,ROBBERY,389,"ROBBERY,DWELLING",COMPLETED,FELONY,N.Y. HOUSING POLICE,BRONX,43,INSIDE,RESIDENCE - PUBLIC HOUSING,CH ,1026382,237309,40.81794183,-73.84778502,"(40.817941833, -73.847785022)"
106,FELONY ASSAULT,109,"ASSAULT 2,1,UNCLASSIFIED",COMPLETED,FELONY,N.Y. HOUSING POLICE,BRONX,43,INSIDE,RESIDENCE - PUBLIC HOUSING,SV,1020891,236726,40.81636615,-73.86762631,"(40.816366145, -73.867626311)"
106,FELONY ASSAULT,109,"ASSAULT 2,1,UNCLASSIFIED",COMPLETED,FELONY,N.Y. HOUSING POLICE,BRONX,49,INSIDE,RESIDENCE - PUBLIC HOUSING,E ,1025633,256717,40.87121457,-73.85037127,"(40.871214572, -73.850371269)"
105,ROBBERY,388,"ROBBERY,RESIDENTIAL COMMON AREA",COMPLETED,FELONY,N.Y. HOUSING POLICE,BRONX,43,INSIDE,RESIDENCE - PUBLIC HOUSING,BR ,1018829,243632,40.83532945,-73.87504022,"(40.835329446, -73.87504022)"
105,ROBBERY,384,"ROBBERY,POCKETBOOK/CARRIED BAG",COMPLETED,FELONY,N.Y. HOUSING POLICE,BRONX,43,INSIDE,RESIDENCE - PUBLIC HOUSING,CH ,1026304,236909,40.81684432,-73.84806933,"(40.816844318, -73.848069331)"
105,ROBBERY,397,"ROBBERY,OPEN AREA UNCLASSIFIED",COMPLETED,FELONY,N.Y. HOUSING POLICE,BRONX,49,FRONT OF,RESIDENCE - PUBLIC HOUSING,E ,1024600,256714,40.87121112,-73.85410634,"(40.871211121, -73.85410634)"
106,FELONY ASSAULT,105,STRANGULATION 1ST,COMPLETED,FELONY,N.Y. HOUSING POLICE,BRONX,42,INSIDE,RESIDENCE - PUBLIC HOUSING,EG ,1009691,239131,40.82300654,-73.90808007,"(40.823006544, -73.90808007)"
106,FELONY ASSAULT,109,"ASSAULT 2,1,UNCLASSIFIED",ATTEMPTED,FELONY,N.Y. HOUSING POLICE,BRONX,43,INSIDE,RESIDENCE - PUBLIC HOUSING,SV,1020891,236726,40.81636615,-73.86762631,"(40.816366145, -73.867626311)"
106,FELONY ASSAULT,109,"ASSAULT 2,1,UNCLASSIFIED",COMPLETED,FELONY,N.Y. HOUSING POLICE,BRONX,43,FRONT OF,RESIDENCE - PUBLIC HOUSING,BR ,1018196,243839,40.83590006,-73.8773267,"(40.835900056, -73.877326699)"
109,GRAND LARCENY,420,"LARCENY,GRAND BY OPEN/COMPROMISE CELL PHONE ACCT",COMPLETED,FELONY,N.Y. HOUSING POLICE,BRONX,42,INSIDE,RESIDENCE - PUBLIC HOUSING,B ,1015904,243744,40.83564782,-73.88561001,"(40.835647821, -73.885610014)"
106,FELONY ASSAULT,106,"ASSAULT 2,1,PEACE OFFICER",COMPLETED,FELONY,N.Y. HOUSING POLICE,BRONX,42,INSIDE,RESIDENCE - PUBLIC HOUSING,M,1010158,242490,40.83222468,-73.90637977,"(40.832224679, -73.906379774)"
105,ROBBERY,397,"ROBBERY,OPEN AREA UNCLASSIFIED",COMPLETED,FELONY,N.Y. HOUSING POLICE,BRONX,45,OPPOSITE OF,RESIDENCE - PUBLIC HOUSING,TN ,1032398,238443,40.8210236,-73.82604206,"(40.821023597, -73.826042057)"
106,FELONY ASSAULT,105,STRANGULATION 1ST,COMPLETED,FELONY,N.Y. HOUSING POLICE,BRONX,43,INSIDE,RESIDENCE - PUBLIC HOUSING,BD,1020811,240473,40.82665092,-73.86789492,"(40.826650923, -73.867894916)"
105,ROBBERY,389,"ROBBERY,DWELLING",COMPLETED,FELONY,N.Y. HOUSING POLICE,BRONX,43,INSIDE,RESIDENCE - PUBLIC HOUSING,BD,1019804,240596,40.82699263,-73.87153287,"(40.826992634, -73.87153287)"
109,GRAND LARCENY,421,"LARCENY,GRAND FROM VEHICLE/MOTORCYCLE",COMPLETED,FELONY,N.Y. HOUSING POLICE,BRONX,43,FRONT OF,RESIDENCE - PUBLIC HOUSING,CH ,1026382,237309,40.81794183,-73.84778502,"(40.817941833, -73.847785022)"
106,FELONY ASSAULT,109,"ASSAULT 2,1,UNCLASSIFIED",COMPLETED,FELONY,N.Y. HOUSING POLICE,BRONX,45,INSIDE,RESIDENCE - PUBLIC HOUSING,TN,1032930,239207,40.82311764,-73.8241144,"(40.823117641, -73.824114397)"
110,GRAND LARCENY OF MOTOR VEHICLE,441,"LARCENY,GRAND OF AUTO",COMPLETED,FELONY,N.Y. HOUSING POLICE,BRONX,42,FRONT OF,RESIDENCE - PUBLIC HOUSING,W,1009295,242593,40.83250987,-73.90949794,"(40.832509874, -73.909497941)"
106,FELONY ASSAULT,109,"ASSAULT 2,1,UNCLASSIFIED",COMPLETED,FELONY,N.Y. HOUSING POLICE,BRONX,43,INSIDE,RESIDENCE - PUBLIC HOUSING,BD,1021275,240025,40.82541936,-73.86622081,"(40.825419359, -73.866220811)"
106,FELONY ASSAULT,109,"ASSAULT 2,1,UNCLASSIFIED",COMPLETED,FELONY,N.Y. HOUSING POLICE,BRONX,49,INSIDE,RESIDENCE - PUBLIC HOUSING,PB ,1022082,252494,40.85963966,-73.86323458,"(40.859639663, -73.86323458)"
109,GRAND LARCENY,404,"LARCENY,GRAND FROM PERSON,PERSONAL ELECTRONIC DEVICE(SNATCH)",COMPLETED,FELONY,N.Y. HOUSING POLICE,BRONX,43,FRONT OF,RESIDENCE - PUBLIC HOUSING,BD,1021623,240919,40.82787167,-73.86495842,"(40.827871665, -73.864958422)"
106,FELONY ASSAULT,109,"ASSAULT 2,1,UNCLASSIFIED",COMPLETED,FELONY,N.Y. HOUSING POLICE,BRONX,40,INSIDE,RESIDENCE - PUBLIC HOUSING,J,1006423,238904,40.8223923,-73.91988849,"(40.8223923, -73.919888489)"
106,FELONY ASSAULT,109,"ASSAULT 2,1,UNCLASSIFIED",COMPLETED,FELONY,N.Y. HOUSING POLICE,BRONX,40,INSIDE,RESIDENCE - PUBLIC HOUSING,J,1006423,238904,40.8223923,-73.91988849,"(40.8223923, -73.919888489)"
109,GRAND LARCENY,412,"LARCENY,GRAND FROM RESIDENCE, UNATTENDED",COMPLETED,FELONY,N.Y. HOUSING POLICE,BRONX,45,INSIDE,RESIDENCE - PUBLIC HOUSING,TN ,1032930,239207,40.82311764,-73.8241144,"(40.823117641, -73.824114397)"
106,FELONY ASSAULT,109,"ASSAULT 2,1,UNCLASSIFIED",COMPLETED,FELONY,N.Y. HOUSING POLICE,BRONX,46,INSIDE,RESIDENCE - PUBLIC HOUSING,S,1005852,247414,40.84575121,-73.92192416,"(40.845751206, -73.921924155)"
105,ROBBERY,389,"ROBBERY,DWELLING",COMPLETED,FELONY,N.Y. HOUSING POLICE,BRONX,43,INSIDE,RESIDENCE - PUBLIC HOUSING,BD,1021576,240437,40.82654891,-73.86513093,"(40.826548914, -73.865130932)"
109,GRAND LARCENY,419,"LARCENY,GRAND FROM PERSON,UNCL",COMPLETED,FELONY,N.Y. HOUSING POLICE,BRONX,45,INSIDE,RESIDENCE - PUBLIC HOUSING,TN ,1032930,239207,40.82311764,-73.8241144,"(40.823117641, -73.824114397)"
105,ROBBERY,383,"ROBBERY,DELIVERY PERSON",COMPLETED,FELONY,N.Y. HOUSING POLICE,BRONX,43,FRONT OF,RESIDENCE - PUBLIC HOUSING,SV,1020891,236726,40.81636615,-73.86762631,"(40.816366145, -73.867626311)"
106,FELONY ASSAULT,109,"ASSAULT 2,1,UNCLASSIFIED",COMPLETED,FELONY,N.Y. HOUSING POLICE,BRONX,43,INSIDE,RESIDENCE - PUBLIC HOUSING,BD,1020811,240473,40.82665092,-73.86789492,"(40.826650923, -73.867894916)"
109,GRAND LARCENY,405,"LARCENY,GRAND BY THEFT OF CREDIT CARD",COMPLETED,FELONY,N.Y. HOUSING POLICE,BRONX,43,FRONT OF,RESIDENCE - PUBLIC HOUSING,SV,1020341,237429,40.81829795,-73.86960955,"(40.818297945, -73.869609545)"
106,FELONY ASSAULT,109,"ASSAULT 2,1,UNCLASSIFIED",COMPLETED,FELONY,N.Y. HOUSING POLICE,BRONX,40,INSIDE,RESIDENCE - PUBLIC HOUSING,MR,1006895,237886,40.81959698,-73.91818655,"(40.819596981, -73.918186548)"
109,GRAND LARCENY,415,"LARCENY,GRAND FROM PERSON,PICK",COMPLETED,FELONY,N.Y. HOUSING POLICE,BRONX,43,REAR OF,RESIDENCE - PUBLIC HOUSING,BR ,1017824,243494,40.83495455,-73.87867277,"(40.834954553, -73.878672765)"
105,ROBBERY,388,"ROBBERY,RESIDENTIAL COMMON AREA",COMPLETED,FELONY,N.Y. HOUSING POLICE,BRONX,49,INSIDE,RESIDENCE - PUBLIC HOUSING,E ,1024600,256714,40.87121112,-73.85410634,"(40.871211121, -73.85410634)"
106,FELONY ASSAULT,105,STRANGULATION 1ST,COMPLETED,FELONY,N.Y. HOUSING POLICE,BRONX,43,INSIDE,RESIDENCE - PUBLIC HOUSING,CH ,1026553,237773,40.81921456,-73.8471643,"(40.819214563, -73.847164302)"
106,FELONY ASSAULT,109,"ASSAULT 2,1,UNCLASSIFIED",COMPLETED,FELONY,N.Y. HOUSING POLICE,BRONX,45,FRONT OF,RESIDENCE - PUBLIC HOUSING,TN ,1032948,238316,40.820672,-73.82405583,"(40.820672004, -73.824055827)"
105,ROBBERY,388,"ROBBERY,RESIDENTIAL COMMON AREA",COMPLETED,FELONY,N.Y. HOUSING POLICE,BRONX,40,INSIDE,RESIDENCE - PUBLIC HOUSING,J,1007292,238953,40.82252457,-73.91674855,"(40.822524568, -73.91674855)"
105,ROBBERY,386,"ROBBERY,PERSONAL ELECTRONIC DEVICE",COMPLETED,FELONY,N.Y. HOUSING POLICE,BRONX,40,FRONT OF,RESIDENCE - PUBLIC HOUSING,J,1006423,238904,40.8223923,-73.91988849,"(40.8223923, -73.919888489)"
106,FELONY ASSAULT,109,"ASSAULT 2,1,UNCLASSIFIED",COMPLETED,FELONY,N.Y. HOUSING POLICE,BRONX,49,INSIDE,RESIDENCE - PUBLIC HOUSING,E,1024858,256708,40.87119347,-73.85317352,"(40.871193469, -73.853173517)"
106,FELONY ASSAULT,109,"ASSAULT 2,1,UNCLASSIFIED",COMPLETED,FELONY,N.Y. HOUSING POLICE,BRONX,49,INSIDE,RESIDENCE - PUBLIC HOUSING,E ,1024858,256708,40.87119347,-73.85317352,"(40.871193469, -73.853173517)"
106,FELONY ASSAULT,105,STRANGULATION 1ST,COMPLETED,FELONY,N.Y. HOUSING POLICE,BRONX,43,INSIDE,RESIDENCE - PUBLIC HOUSING,SV,1020891,236726,40.81636615,-73.86762631,"(40.816366145, -73.867626311)"
110,GRAND LARCENY OF MOTOR VEHICLE,441,"LARCENY,GRAND OF AUTO",COMPLETED,FELONY,N.Y. HOUSING POLICE,BRONX,46,FRONT OF,RESIDENCE - PUBLIC HOUSING,S,1005852,247414,40.84575121,-73.92192416,"(40.845751206, -73.921924155)"
109,GRAND LARCENY,402,"LARCENY,GRAND BY FALSE PROMISE-NOT IN PERSON CONTACT",COMPLETED,FELONY,N.Y. HOUSING POLICE,BRONX,40,INSIDE,RESIDENCE - PUBLIC HOUSING,MR,1006895,237886,40.81959698,-73.91818655,"(40.819596981, -73.918186548)"
106,FELONY ASSAULT,109,"ASSAULT 2,1,UNCLASSIFIED",COMPLETED,FELONY,N.Y. HOUSING POLICE,BRONX,42,INSIDE,RESIDENCE - PUBLIC HOUSING,M,1010158,242490,40.83222468,-73.90637977,"(40.832224679, -73.906379774)"
105,ROBBERY,386,"ROBBERY,PERSONAL ELECTRONIC DEVICE",COMPLETED,FELONY,N.Y. HOUSING POLICE,BRONX,43,FRONT OF,RESIDENCE - PUBLIC HOUSING,CH,1026382,237309,40.81794183,-73.84778502,"(40.817941833, -73.847785022)"
106,FELONY ASSAULT,105,STRANGULATION 1ST,COMPLETED,FELONY,N.Y. HOUSING POLICE,BRONX,43,INSIDE,RESIDENCE - PUBLIC HOUSING,BD,1022040,240165,40.82580038,-73.86345589,"(40.825800379, -73.86345589)"
106,FELONY ASSAULT,109,"ASSAULT 2,1,UNCLASSIFIED",COMPLETED,FELONY,N.Y. HOUSING POLICE,BRONX,49,INSIDE,RESIDENCE - PUBLIC HOUSING,E ,1025633,256717,40.87121457,-73.85037127,"(40.871214572, -73.850371269)"
106,FELONY ASSAULT,109,"ASSAULT 2,1,UNCLASSIFIED",COMPLETED,FELONY,N.Y. HOUSING POLICE,BRONX,45,INSIDE,RESIDENCE - PUBLIC HOUSING,TN,1032948,238316,40.820672,-73.82405583,"(40.820672004, -73.824055827)"
109,GRAND LARCENY,412,"LARCENY,GRAND FROM RESIDENCE, UNATTENDED",COMPLETED,FELONY,N.Y. HOUSING POLICE,BRONX,42,INSIDE,RESIDENCE - PUBLIC HOUSING,W,1009295,242593,40.83250987,-73.90949794,"(40.832509874, -73.909497941)"
110,GRAND LARCENY OF MOTOR VEHICLE,441,"LARCENY,GRAND OF AUTO",COMPLETED,FELONY,N.Y. HOUSING POLICE,BRONX,43,FRONT OF,RESIDENCE - PUBLIC HOUSING,CH ,1026999,237853,40.81943199,-73.84555244,"(40.819431994, -73.845552435)"
105,ROBBERY,388,"ROBBERY,RESIDENTIAL COMMON AREA",ATTEMPTED,FELONY,N.Y. HOUSING POLICE,BRONX,43,INSIDE,RESIDENCE - PUBLIC HOUSING,CH ,1025708,238315,40.82070621,-73.85021386,"(40.820706205, -73.850213861)"
105,ROBBERY,386,"ROBBERY,PERSONAL ELECTRONIC DEVICE",ATTEMPTED,FELONY,N.Y. HOUSING POLICE,BRONX,43,INSIDE,RESIDENCE - PUBLIC HOUSING,CH ,1026382,237309,40.81794183,-73.84778502,"(40.817941833, -73.847785022)"
109,GRAND LARCENY,412,"LARCENY,GRAND FROM RESIDENCE, UNATTENDED",COMPLETED,FELONY,N.Y. HOUSING POLICE,BRONX,41,INSIDE,RESIDENCE - PUBLIC HOUSING,L ,1015284,240357,40.82635368,-73.88786624,"(40.826353684, -73.88786624)"
110,GRAND LARCENY OF MOTOR VEHICLE,441,"LARCENY,GRAND OF AUTO",COMPLETED,FELONY,N.Y. HOUSING POLICE,BRONX,43,FRONT OF,RESIDENCE - PUBLIC HOUSING,SV,1020891,236726,40.81636615,-73.86762631,"(40.816366145, -73.867626311)"
106,FELONY ASSAULT,109,"ASSAULT 2,1,UNCLASSIFIED",COMPLETED,FELONY,N.Y. HOUSING POLICE,BRONX,43,INSIDE,RESIDENCE - PUBLIC HOUSING,SV,1021457,236045,40.81449463,-73.86558527,"(40.814494627, -73.865585266)"
106,FELONY ASSAULT,109,"ASSAULT 2,1,UNCLASSIFIED",COMPLETED,FELONY,N.Y. HOUSING POLICE,BRONX,43,FRONT OF,RESIDENCE - PUBLIC HOUSING,CH ,1026304,236909,40.81684432,-73.84806933,"(40.816844318, -73.848069331)"
106,FELONY ASSAULT,105,STRANGULATION 1ST,COMPLETED,FELONY,N.Y. HOUSING POLICE,BRONX,43,INSIDE,RESIDENCE - PUBLIC HOUSING,BR ,1018882,243356,40.8345717,-73.87485012,"(40.834571698, -73.874850115)"
106,FELONY ASSAULT,109,"ASSAULT 2,1,UNCLASSIFIED",COMPLETED,FELONY,N.Y. HOUSING POLICE,BRONX,43,INSIDE,RESIDENCE - PUBLIC HOUSING,BD,1020586,240735,40.82737097,-73.86870649,"(40.827370965, -73.868706492)"
106,FELONY ASSAULT,109,"ASSAULT 2,1,UNCLASSIFIED",COMPLETED,FELONY,N.Y. HOUSING POLICE,BRONX,42,INSIDE,RESIDENCE - PUBLIC HOUSING,CP ,1011587,242656,40.83267599,-73.90121524,"(40.832675994, -73.901215237)"
105,ROBBERY,394,"ROBBERY,LICENSED FOR HIRE VEHICLE",COMPLETED,FELONY,N.Y. HOUSING POLICE,BRONX,43,FRONT OF,STREET,CH,1026382,237309,40.81794183,-73.84778502,"(40.817941833, -73.847785022)"
109,GRAND LARCENY,421,"LARCENY,GRAND FROM VEHICLE/MOTORCYCLE",COMPLETED,FELONY,N.Y. HOUSING POLICE,BRONX,43,FRONT OF,RESIDENCE - PUBLIC HOUSING,BD,1021576,240437,40.82654891,-73.86513093,"(40.826548914, -73.865130932)"
105,ROBBERY,390,"ROBBERY,HOME INVASION",COMPLETED,FELONY,N.Y. HOUSING POLICE,BRONX,43,INSIDE,RESIDENCE - PUBLIC HOUSING,CH ,1026999,237853,40.81943199,-73.84555244,"(40.819431994, -73.845552435)"
105,ROBBERY,397,"ROBBERY,OPEN AREA UNCLASSIFIED",COMPLETED,FELONY,N.Y. HOUSING POLICE,BRONX,40,FRONT OF,RESIDENCE - PUBLIC HOUSING,J,1006623,239075,40.82286114,-73.9191653,"(40.822861142, -73.919165302)"
110,GRAND LARCENY OF MOTOR VEHICLE,451,"LARCENY,GRAND OF MOTORCYCLE",COMPLETED,FELONY,N.Y. HOUSING POLICE,BRONX,45,REAR OF,RESIDENCE - PUBLIC HOUSING,TN ,1032218,239444,40.82377203,-73.82668524,"(40.823772033, -73.826685244)"
106,FELONY ASSAULT,109,"ASSAULT 2,1,UNCLASSIFIED",COMPLETED,FELONY,N.Y. HOUSING POLICE,BRONX,49,INSIDE,RESIDENCE - PUBLIC HOUSING,E ,1024464,256307,40.87009465,-73.85460052,"(40.870094652, -73.854600523)"
110,GRAND LARCENY OF MOTOR VEHICLE,441,"LARCENY,GRAND OF AUTO",COMPLETED,FELONY,N.Y. POLICE DEPT,BRONX,42,OPPOSITE OF,STREET,M,1010158,242490,40.83222468,-73.90637977,"(40.832224679, -73.906379774)"
109,GRAND LARCENY,428,"LARCENY,GRAND BY BANK ACCT COMPROMISE-UNAUTHORIZED PURCHASE",COMPLETED,FELONY,N.Y. HOUSING POLICE,BRONX,43,INSIDE,RESIDENCE - PUBLIC HOUSING,BR ,1018196,243839,40.83590006,-73.8773267,"(40.835900056, -73.877326699)"
105,ROBBERY,388,"ROBBERY,RESIDENTIAL COMMON AREA",COMPLETED,FELONY,N.Y. HOUSING POLICE,BRONX,43,INSIDE,RESIDENCE - PUBLIC HOUSING,BD,1021623,240919,40.82787167,-73.86495842,"(40.827871665, -73.864958422)"
109,GRAND LARCENY,404,"LARCENY,GRAND FROM PERSON,PERSONAL ELECTRONIC DEVICE(SNATCH)",COMPLETED,FELONY,N.Y. HOUSING POLICE,BRONX,43,INSIDE,RESIDENCE - PUBLIC HOUSING,SV,1020874,237525,40.81855924,-73.86768337,"(40.818559244, -73.867683367)"
106,FELONY ASSAULT,105,STRANGULATION 1ST,COMPLETED,FELONY,N.Y. HOUSING POLICE,BRONX,49,INSIDE,RESIDENCE - PUBLIC HOUSING,E ,1024600,256714,40.87121112,-73.85410634,"(40.871211121, -73.85410634)"
105,ROBBERY,388,"ROBBERY,RESIDENTIAL COMMON AREA",COMPLETED,FELONY,N.Y. HOUSING POLICE,BRONX,43,INSIDE,RESIDENCE - PUBLIC HOUSING,CH ,1026382,237309,40.81794183,-73.84778502,"(40.817941833, -73.847785022)"
106,FELONY ASSAULT,109,"ASSAULT 2,1,UNCLASSIFIED",COMPLETED,FELONY,N.Y. HOUSING POLICE,BRONX,43,INSIDE,RESIDENCE - PUBLIC HOUSING,CH ,1026382,237309,40.81794183,-73.84778502,"(40.817941833, -73.847785022)"
106,FELONY ASSAULT,109,"ASSAULT 2,1,UNCLASSIFIED",COMPLETED,FELONY,N.Y. HOUSING POLICE,BRONX,43,FRONT OF,RESIDENCE - PUBLIC HOUSING,CH ,1026382,237309,40.81794183,-73.84778502,"(40.817941833, -73.847785022)"
106,FELONY ASSAULT,109,"ASSAULT 2,1,UNCLASSIFIED",COMPLETED,FELONY,N.Y. HOUSING POLICE,BRONX,43,INSIDE,RESIDENCE - PUBLIC HOUSING,SV,1020341,237429,40.81829795,-73.86960955,"(40.818297945, -73.869609545)"
109,GRAND LARCENY,412,"LARCENY,GRAND FROM RESIDENCE, UNATTENDED",COMPLETED,FELONY,N.Y. HOUSING POLICE,BRONX,40,FRONT OF,RESIDENCE - PUBLIC HOUSING,MR,1006895,237886,40.81959698,-73.91818655,"(40.819596981, -73.918186548)"
106,FELONY ASSAULT,109,"ASSAULT 2,1,UNCLASSIFIED",ATTEMPTED,FELONY,N.Y. HOUSING POLICE,BRONX,43,INSIDE,RESIDENCE - PUBLIC HOUSING,CH,1025622,237609,40.81876884,-73.85052893,"(40.818768839, -73.850528931)"
106,FELONY ASSAULT,105,STRANGULATION 1ST,COMPLETED,FELONY,N.Y. HOUSING POLICE,BRONX,43,INSIDE,RESIDENCE - PUBLIC HOUSING,SV,1020891,236726,40.81636615,-73.86762631,"(40.816366145, -73.867626311)"
106,FELONY ASSAULT,109,"ASSAULT 2,1,UNCLASSIFIED",COMPLETED,FELONY,N.Y. HOUSING POLICE,BRONX,45,REAR OF,RESIDENCE - PUBLIC HOUSING,TN ,1032393,238855,40.82215445,-73.82605717,"(40.822154446, -73.826057166)"
106,FELONY ASSAULT,109,"ASSAULT 2,1,UNCLASSIFIED",COMPLETED,FELONY,N.Y. HOUSING POLICE,BRONX,43,FRONT OF,RESIDENCE - PUBLIC HOUSING,CH,1026268,237961,40.81973193,-73.8481928,"(40.81973193, -73.848192804)"
106,FELONY ASSAULT,109,"ASSAULT 2,1,UNCLASSIFIED",ATTEMPTED,FELONY,N.Y. HOUSING POLICE,BRONX,41,INSIDE,RESIDENCE - PUBLIC HOUSING,L ,1015284,240357,40.82635368,-73.88786624,"(40.826353684, -73.88786624)"
106,FELONY ASSAULT,109,"ASSAULT 2,1,UNCLASSIFIED",COMPLETED,FELONY,N.Y. HOUSING POLICE,BRONX,43,INSIDE,RESIDENCE - PUBLIC HOUSING,CH ,1026999,237853,40.81943199,-73.84555244,"(40.819431994, -73.845552435)"
109,GRAND LARCENY,404,"LARCENY,GRAND FROM PERSON,PERSONAL ELECTRONIC DEVICE(SNATCH)",COMPLETED,FELONY,N.Y. HOUSING POLICE,BRONX,43,FRONT OF,RESIDENCE - PUBLIC HOUSING,BDE,1021576,240437,40.82654891,-73.86513093,"(40.826548914, -73.865130932)"
109,GRAND LARCENY,405,"LARCENY,GRAND BY THEFT OF CREDIT CARD",COMPLETED,FELONY,N.Y. HOUSING POLICE,BRONX,43,INSIDE,RESIDENCE - PUBLIC HOUSING,BR ,1018196,243839,40.83590006,-73.8773267,"(40.835900056, -73.877326699)"
106,FELONY ASSAULT,109,"ASSAULT 2,1,UNCLASSIFIED",COMPLETED,FELONY,N.Y. HOUSING POLICE,BRONX,43,INSIDE,RESIDENCE - PUBLIC HOUSING,BD,1022040,240165,40.82580038,-73.86345589,"(40.825800379, -73.86345589)"
109,GRAND LARCENY,414,"LARCENY,GRAND PERSON,NECK CHAI",COMPLETED,FELONY,N.Y. HOUSING POLICE,BRONX,49,INSIDE,RESIDENCE - PUBLIC HOUSING,PB ,1023305,252637,40.86002683,-73.85881248,"(40.86002683, -73.858812475)"
105,ROBBERY,397,"ROBBERY,OPEN AREA UNCLASSIFIED",COMPLETED,FELONY,N.Y. HOUSING POLICE,BRONX,43,REAR OF,RESIDENCE - PUBLIC HOUSING,BR ,1017824,243494,40.83495455,-73.87867277,"(40.834954553, -73.878672765)"
106,FELONY ASSAULT,109,"ASSAULT 2,1,UNCLASSIFIED",ATTEMPTED,FELONY,N.Y. HOUSING POLICE,BRONX,43,INSIDE,RESIDENCE - PUBLIC HOUSING,CH ,1025580,236918,40.81687244,-73.85068493,"(40.816872438, -73.850684927)"
106,FELONY ASSAULT,106,"ASSAULT 2,1,PEACE OFFICER",COMPLETED,FELONY,N.Y. HOUSING POLICE,BRONX,49,INSIDE,RESIDENCE - PUBLIC HOUSING,E ,1024464,256307,40.87009465,-73.85460052,"(40.870094652, -73.854600523)"
109,GRAND LARCENY,405,"LARCENY,GRAND BY THEFT OF CREDIT CARD",COMPLETED,FELONY,N.Y. HOUSING POLICE,BRONX,49,INSIDE,RESIDENCE - PUBLIC HOUSING,E ,1025633,256717,40.87121457,-73.85037127,"(40.871214572, -73.850371269)"
105,ROBBERY,388,"ROBBERY,RESIDENTIAL COMMON AREA",COMPLETED,FELONY,N.Y. HOUSING POLICE,BRONX,43,INSIDE,RESIDENCE - PUBLIC HOUSING,BD,1021367,240874,40.82774923,-73.8658837,"(40.827749233, -73.865883696)"
106,FELONY ASSAULT,109,"ASSAULT 2,1,UNCLASSIFIED",COMPLETED,FELONY,N.Y. HOUSING POLICE,BRONX,49,INSIDE,RESIDENCE - PUBLIC HOUSING,PB ,1022082,252494,40.85963966,-73.86323458,"(40.859639663, -73.86323458)"
109,GRAND LARCENY,412,"LARCENY,GRAND FROM RESIDENCE, UNATTENDED",COMPLETED,FELONY,N.Y. HOUSING POLICE,BRONX,43,INSIDE,RESIDENCE - PUBLIC HOUSING,SV,1020874,237525,40.81855924,-73.86768337,"(40.818559244, -73.867683367)"
106,FELONY ASSAULT,109,"ASSAULT 2,1,UNCLASSIFIED",COMPLETED,FELONY,N.Y. HOUSING POLICE,BRONX,44,INSIDE,RESIDENCE - PUBLIC HOUSING,CP ,1007976,242140,40.83127016,-73.91426593,"(40.831270161, -73.914265926)"
105,ROBBERY,397,"ROBBERY,OPEN AREA UNCLASSIFIED",COMPLETED,FELONY,N.Y. HOUSING POLICE,BRONX,43,FRONT OF,RESIDENCE - PUBLIC HOUSING,BR ,1018196,243839,40.83590006,-73.8773267,"(40.835900056, -73.877326699)"
109,GRAND LARCENY,457,"LARCENY,GRAND OF VEHICULAR/MOTORCYCLE ACCESSORIES",COMPLETED,FELONY,N.Y. HOUSING POLICE,BRONX,45,OPPOSITE OF,RESIDENCE - PUBLIC HOUSING,TN ,1032948,238316,40.820672,-73.82405583,"(40.820672004, -73.824055827)"
109,GRAND LARCENY,409,"LARCENY,GRAND BY EXTORTION",ATTEMPTED,FELONY,N.Y. HOUSING POLICE,BRONX,49,INSIDE,RESIDENCE - PUBLIC HOUSING,PB ,1022920,253072,40.86122247,-73.86020179,"(40.861222468, -73.860201788)"
106,FELONY ASSAULT,109,"ASSAULT 2,1,UNCLASSIFIED",COMPLETED,FELONY,N.Y. HOUSING POLICE,BRONX,43,FRONT OF,RESIDENCE - PUBLIC HOUSING,BD,1021623,240919,40.82787167,-73.86495842,"(40.827871665, -73.864958422)"
106,FELONY ASSAULT,109,"ASSAULT 2,1,UNCLASSIFIED",COMPLETED,FELONY,N.Y. HOUSING POLICE,BRONX,46,INSIDE,RESIDENCE - PUBLIC HOUSING,UN ,1008176,249832,40.85238191,-73.91351577,"(40.852381909, -73.913515771)"
106,FELONY ASSAULT,109,"ASSAULT 2,1,UNCLASSIFIED",COMPLETED,FELONY,N.Y. HOUSING POLICE,BRONX,43,INSIDE,RESIDENCE - PUBLIC HOUSING,BR ,1018882,243356,40.8345717,-73.87485012,"(40.834571698, -73.874850115)"
106,FELONY ASSAULT,109,"ASSAULT 2,1,UNCLASSIFIED",COMPLETED,FELONY,N.Y. HOUSING POLICE,BRONX,40,INSIDE,RESIDENCE - PUBLIC HOUSING,MH ,1005426,235225,40.81229693,-73.92350234,"(40.812296927, -73.923502342)"
106,FELONY ASSAULT,109,"ASSAULT 2,1,UNCLASSIFIED",COMPLETED,FELONY,N.Y. HOUSING POLICE,BRONX,40,INSIDE,RESIDENCE - PUBLIC HOUSING,JA,1006423,238904,40.8223923,-73.91988849,"(40.8223923, -73.919888489)"
106,FELONY ASSAULT,109,"ASSAULT 2,1,UNCLASSIFIED",COMPLETED,FELONY,N.Y. HOUSING POLICE,BRONX,43,INSIDE,RESIDENCE - PUBLIC HOUSING,BD,1020068,240643,40.82712057,-73.8705787,"(40.827120568, -73.870578701)"
105,ROBBERY,390,"ROBBERY,HOME INVASION",COMPLETED,FELONY,N.Y. HOUSING POLICE,BRONX,45,INSIDE,RESIDENCE - PUBLIC HOUSING,TN ,1032393,238855,40.82215445,-73.82605717,"(40.822154446, -73.826057166)"
105,ROBBERY,389,"ROBBERY,DWELLING",COMPLETED,FELONY,N.Y. HOUSING POLICE,BRONX,43,INSIDE,RESIDENCE - PUBLIC HOUSING,CH,1026268,237961,40.81973193,-73.8481928,"(40.81973193, -73.848192804)"
106,FELONY ASSAULT,109,"ASSAULT 2,1,UNCLASSIFIED",COMPLETED,FELONY,N.Y. HOUSING POLICE,BRONX,45,INSIDE,RESIDENCE - PUBLIC HOUSING,TN ,1032930,239207,40.82311764,-73.8241144,"(40.823117641, -73.824114397)"
109,GRAND LARCENY,421,"LARCENY,GRAND FROM VEHICLE/MOTORCYCLE",COMPLETED,FELONY,N.Y. HOUSING POLICE,BRONX,43,REAR OF,RESIDENCE - PUBLIC HOUSING,CH ,1025708,238315,40.82070621,-73.85021386,"(40.820706205, -73.850213861)"
106,FELONY ASSAULT,109,"ASSAULT 2,1,UNCLASSIFIED",COMPLETED,FELONY,N.Y. HOUSING POLICE,BRONX,43,INSIDE,RESIDENCE - PUBLIC HOUSING,CH ,1026268,237961,40.81973193,-73.8481928,"(40.81973193, -73.848192804)"
109,GRAND LARCENY,425,"LARCENY,GRAND BY BANK ACCT COMPROMISE-ATM TRANSACTION",COMPLETED,FELONY,N.Y. HOUSING POLICE,BRONX,41,INSIDE,RESIDENCE - PUBLIC HOUSING,WF ,1014642,240068,40.82556269,-73.89018729,"(40.825562694, -73.890187287)"
106,FELONY ASSAULT,109,"ASSAULT 2,1,UNCLASSIFIED",COMPLETED,FELONY,N.Y. HOUSING POLICE,BRONX,49,FRONT OF,RESIDENCE - PUBLIC HOUSING,PB ,1021690,252175,40.85876578,-73.86465348,"(40.858765776, -73.864653484)"
105,ROBBERY,388,"ROBBERY,RESIDENTIAL COMMON AREA",COMPLETED,FELONY,N.Y. HOUSING POLICE,BRONX,43,FRONT OF,RESIDENCE - PUBLIC HOUSING,BD,1020811,240473,40.82665092,-73.86789492,"(40.826650923, -73.867894916)"
109,GRAND LARCENY,405,"LARCENY,GRAND BY THEFT OF CREDIT CARD",COMPLETED,FELONY,N.Y. HOUSING POLICE,BRONX,45,INSIDE,RESIDENCE - PUBLIC HOUSING,TN ,1032218,239444,40.82377203,-73.82668524,"(40.823772033, -73.826685244)"
