CMPLNT_NUM,CMPLNT_FR_DT,CMPLNT_FR_TM,CMPLNT_TO_DT,CMPLNT_TO_TM,RPT_DT,KY_CD,OFNS_DESC,PD_CD,PD_DESC,CRM_ATPT_CPTD_CD,LAW_CAT_CD,JURIS_DESC,BORO_NM,ADDR_PCT_CD,LOC_OF_OCCUR_DESC,PREM_TYP_DESC,PARKS_NM,HOOD,X_COORD_CD,Y_COORD_CD,Latitude,Longitude,Lat_Lon
720377449,12/31/2016,4:00:00,12/31/2016,4:30:00,12/31/2016,106,FELONY ASSAULT,109,"ASSAULT 2,1,UNCLASSIFIED",COMPLETED,FELONY,N.Y. HOUSING POLICE,BRONX,43,INSIDE,RESIDENCE - PUBLIC HOUSING,,SOUNDVIEW,1020891,236726,40.81636615,-73.86762631,"(40.816366145, -73.867626311)"
580810951,12/30/2016,16:00:00,12/30/2016,16:20:00,12/30/2016,105,ROBBERY,386,"ROBBERY,PERSONAL ELECTRONIC DEVICE",COMPLETED,FELONY,N.Y. HOUSING POLICE,BRONX,43,INSIDE,RESIDENCE - PUBLIC HOUSING,,CASTLE HILL,1026596,236961,40.81698565,-73.84701407,"(40.816985648, -73.847014071)"
125952823,12/30/2016,13:30:00,12/30/2016,13:45:00,12/30/2016,105,ROBBERY,386,"ROBBERY,PERSONAL ELECTRONIC DEVICE",COMPLETED,FELONY,N.Y. HOUSING POLICE,BRONX,43,INSIDE,RESIDENCE - PUBLIC HOUSING,,CASTLE HILL,1025580,236918,40.81687244,-73.85068493,"(40.816872438, -73.850684927)"
597238868,12/29/2016,22:20:00,12/29/2016,22:35:00,12/29/2016,105,ROBBERY,386,"ROBBERY,PERSONAL ELECTRONIC DEVICE",COMPLETED,FELONY,N.Y. HOUSING POLICE,BRONX,45,FRONT OF,RESIDENCE - PUBLIC HOUSING,,THROGGS NECK,1033577,239043,40.82266392,-73.82177792,"(40.822663919, -73.821777915)"
692787177,12/29/2016,17:05:00,12/29/2016,17:10:00,12/29/2016,106,FELONY ASSAULT,105,STRANGULATION 1ST,COMPLETED,FELONY,N.Y. HOUSING POLICE,BRONX,43,INSIDE,RESIDENCE - PUBLIC HOUSING,,CASTLE HILL,1026999,237853,40.81943199,-73.84555244,"(40.819431994, -73.845552435)"
345729992,12/29/2016,15:14:00,,,12/29/2016,105,ROBBERY,388,"ROBBERY,RESIDENTIAL COMMON AREA",ATTEMPTED,FELONY,N.Y. HOUSING POLICE,BRONX,42,INSIDE,RESIDENCE - PUBLIC HOUSING,,MORRISANIA,1010158,242490,40.83222468,-73.90637977,"(40.832224679, -73.906379774)"
393119577,12/27/2016,5:00:00,12/27/2016,5:02:00,12/28/2016,109,GRAND LARCENY,405,"LARCENY,GRAND BY THEFT OF CREDIT CARD",COMPLETED,FELONY,N.Y. HOUSING POLICE,BRONX,42,INSIDE,RESIDENCE - PUBLIC HOUSING,,MORRISANIA,1010158,242490,40.83222468,-73.90637977,"(40.832224679, -73.906379774)"
583766775,12/25/2016,18:20:00,,,12/25/2016,106,FELONY ASSAULT,109,"ASSAULT 2,1,UNCLASSIFIED",COMPLETED,FELONY,N.Y. HOUSING POLICE,BRONX,45,INSIDE,RESIDENCE - PUBLIC HOUSING,,THROGGS NECK,1032930,239207,40.82311764,-73.8241144,"(40.823117641, -73.824114397)"
802050197,12/25/2016,0:30:00,12/25/2016,0:45:00,12/25/2016,106,FELONY ASSAULT,109,"ASSAULT 2,1,UNCLASSIFIED",COMPLETED,FELONY,N.Y. HOUSING POLICE,BRONX,43,INSIDE,RESIDENCE - PUBLIC HOUSING,,SOUNDVIEW,1021457,236045,40.81449463,-73.86558527,"(40.814494627, -73.865585266)"
747211779,12/23/2016,19:30:00,,,12/23/2016,109,GRAND LARCENY,422,"LARCENY,GRAND BY OPEN CREDIT CARD (NEW ACCT)",COMPLETED,FELONY,N.Y. HOUSING POLICE,BRONX,43,INSIDE,RESIDENCE - PUBLIC HOUSING,,BRONXDALE,1021275,240025,40.82541936,-73.86622081,"(40.825419359, -73.866220811)"
704323828,12/22/2016,12:40:00,12/22/2016,12:42:00,12/22/2016,105,ROBBERY,388,"ROBBERY,RESIDENTIAL COMMON AREA",COMPLETED,FELONY,N.Y. HOUSING POLICE,BRONX,43,INSIDE,RESIDENCE - PUBLIC HOUSING,,CASTLE HILL,1025622,237609,40.81876884,-73.85052893,"(40.818768839, -73.850528931)"
527075012,12/22/2016,10:50:00,,,12/22/2016,105,ROBBERY,397,"ROBBERY,OPEN AREA UNCLASSIFIED",COMPLETED,FELONY,N.Y. HOUSING POLICE,BRONX,43,FRONT OF,RESIDENCE - PUBLIC HOUSING,,BRONXDALE,1021576,240437,40.82654891,-73.86513093,"(40.826548914, -73.865130932)"
524939256,12/22/2016,9:45:00,12/22/2016,10:06:00,12/22/2016,105,ROBBERY,386,"ROBBERY,PERSONAL ELECTRONIC DEVICE",COMPLETED,FELONY,N.Y. HOUSING POLICE,BRONX,44,INSIDE,RESIDENCE - PUBLIC HOUSING,,HIGHBRIDGE ,1003988,244111,40.8366898,-73.92867103,"(40.836689799, -73.928671032)"
775574402,12/17/2016,8:00:00,12/17/2016,20:00:00,12/18/2016,109,GRAND LARCENY,405,"LARCENY,GRAND BY THEFT OF CREDIT CARD",COMPLETED,FELONY,N.Y. HOUSING POLICE,BRONX,44,INSIDE,RESIDENCE - PUBLIC HOUSING,,HIGHBRIDGE ,1003988,244111,40.8366898,-73.92867103,"(40.836689799, -73.928671032)"
418513590,12/15/2016,2:50:00,12/15/2016,2:52:00,12/15/2016,109,GRAND LARCENY,404,"LARCENY,GRAND FROM PERSON,PERSONAL ELECTRONIC DEVICE(SNATCH)",COMPLETED,FELONY,N.Y. HOUSING POLICE,BRONX,43,REAR OF,RESIDENCE - PUBLIC HOUSING,,SOUNDVIEW,1021490,236442,40.81558414,-73.86546385,"(40.81558414, -73.865463846)"
294693616,12/15/2016,0:45:00,12/15/2016,5:28:00,12/15/2016,106,FELONY ASSAULT,105,STRANGULATION 1ST,COMPLETED,FELONY,N.Y. HOUSING POLICE,BRONX,43,INSIDE,RESIDENCE - PUBLIC HOUSING,,BRONXDALE,1022040,240165,40.82580038,-73.86345589,"(40.825800379, -73.86345589)"
880747009,12/13/2016,20:00:00,12/13/2016,20:20:00,12/13/2016,105,ROBBERY,389,"ROBBERY,DWELLING",COMPLETED,FELONY,N.Y. HOUSING POLICE,BRONX,43,INSIDE,RESIDENCE - PUBLIC HOUSING,,BRONXDALE,1020068,240643,40.82712057,-73.8705787,"(40.827120568, -73.870578701)"
152158444,12/6/2016,17:00:00,12/6/2016,19:00:00,12/13/2016,109,GRAND LARCENY,412,"LARCENY,GRAND FROM RESIDENCE, UNATTENDED",COMPLETED,FELONY,N.Y. HOUSING POLICE,BRONX,43,INSIDE,RESIDENCE - PUBLIC HOUSING,,SOUNDVIEW,1021342,237277,40.8178766,-73.86599391,"(40.817876601, -73.865993913)"
197305079,12/11/2016,21:20:00,12/11/2016,21:25:00,12/11/2016,105,ROBBERY,383,"ROBBERY,DELIVERY PERSON",COMPLETED,FELONY,N.Y. HOUSING POLICE,BRONX,43,REAR OF,RESIDENCE - PUBLIC HOUSING,,CASTLE HILL,1026999,237853,40.81943199,-73.84555244,"(40.819431994, -73.845552435)"
611439333,12/11/2016,10:00:00,12/11/2016,10:13:00,12/11/2016,124,KIDNAPPING & RELATED OFFENSES,183,"IMPRISONMENT 1,UNLAWFUL",COMPLETED,FELONY,N.Y. HOUSING POLICE,BRONX,45,INSIDE,RESIDENCE - PUBLIC HOUSING,,THROGGS NECK,1033577,239043,40.82266392,-73.82177792,"(40.822663919, -73.821777915)"
665571127,12/10/2016,3:30:00,,,12/10/2016,106,FELONY ASSAULT,105,STRANGULATION 1ST,COMPLETED,FELONY,N.Y. HOUSING POLICE,BRONX,45,INSIDE,RESIDENCE - PUBLIC HOUSING,,THROGGS NECK,1032948,238316,40.820672,-73.82405583,"(40.820672004, -73.824055827)"
639958944,12/9/2016,15:00:00,12/9/2016,17:05:00,12/9/2016,109,GRAND LARCENY,412,"LARCENY,GRAND FROM RESIDENCE, UNATTENDED",COMPLETED,FELONY,N.Y. HOUSING POLICE,BRONX,43,INSIDE,RESIDENCE - PUBLIC HOUSING,,SOUNDVIEW,1020891,236726,40.81636615,-73.86762631,"(40.816366145, -73.867626311)"
754401855,12/8/2016,11:00:00,12/8/2016,12:00:00,12/8/2016,106,FELONY ASSAULT,109,"ASSAULT 2,1,UNCLASSIFIED",COMPLETED,FELONY,N.Y. HOUSING POLICE,BRONX,43,INSIDE,RESIDENCE - PUBLIC HOUSING,,CASTLE HILL,1025622,237609,40.81876884,-73.85052893,"(40.818768839, -73.850528931)"
130134957,12/6/2016,19:00:00,12/6/2016,20:00:00,12/7/2016,106,FELONY ASSAULT,109,"ASSAULT 2,1,UNCLASSIFIED",COMPLETED,FELONY,N.Y. HOUSING POLICE,BRONX,43,INSIDE,RESIDENCE - PUBLIC HOUSING,,CASTLE HILL,1025622,237609,40.81876884,-73.85052893,"(40.818768839, -73.850528931)"
268705672,11/30/2016,7:00:00,12/6/2016,0:00:00,12/7/2016,109,GRAND LARCENY,405,"LARCENY,GRAND BY THEFT OF CREDIT CARD",COMPLETED,FELONY,N.Y. HOUSING POLICE,BRONX,43,INSIDE,RESIDENCE - PUBLIC HOUSING,,CASTLE HILL,1026268,237961,40.81973193,-73.8481928,"(40.81973193, -73.848192804)"
428275671,12/4/2016,12:15:00,12/4/2016,12:30:00,12/4/2016,106,FELONY ASSAULT,105,STRANGULATION 1ST,COMPLETED,FELONY,N.Y. HOUSING POLICE,BRONX,43,INSIDE,RESIDENCE - PUBLIC HOUSING,,CASTLE HILL,1026382,237309,40.81794183,-73.84778502,"(40.817941833, -73.847785022)"
178833363,12/2/2016,17:30:00,12/2/2016,18:00:00,12/2/2016,106,FELONY ASSAULT,109,"ASSAULT 2,1,UNCLASSIFIED",ATTEMPTED,FELONY,N.Y. HOUSING POLICE,BRONX,43,REAR OF,RESIDENCE - PUBLIC HOUSING,,CASTLE HILL,1025580,236918,40.81687244,-73.85068493,"(40.816872438, -73.850684927)"
756498490,11/30/2016,18:00:00,11/30/2016,18:05:00,11/30/2016,105,ROBBERY,388,"ROBBERY,RESIDENTIAL COMMON AREA",COMPLETED,FELONY,N.Y. HOUSING POLICE,BRONX,42,INSIDE,RESIDENCE - PUBLIC HOUSING,,MORRISANIA,1010158,242490,40.83222468,-73.90637977,"(40.832224679, -73.906379774)"
875795823,11/18/2016,12:30:00,,,11/29/2016,109,GRAND LARCENY,405,"LARCENY,GRAND BY THEFT OF CREDIT CARD",COMPLETED,FELONY,N.Y. HOUSING POLICE,BRONX,42,INSIDE,RESIDENCE - PUBLIC HOUSING,,MORRISANIA ,1007424,239937,40.82522502,-73.91626822,"(40.825225023, -73.916268224)"
194971029,11/18/2016,17:10:00,11/22/2016,19:00:00,11/24/2016,110,GRAND LARCENY OF MOTOR VEHICLE,441,"LARCENY,GRAND OF AUTO",COMPLETED,FELONY,N.Y. HOUSING POLICE,BRONX,43,OPPOSITE OF,RESIDENCE - PUBLIC HOUSING,,BRONXDALE,1021623,240919,40.82787167,-73.86495842,"(40.827871665, -73.864958422)"
816060797,10/29/2016,17:00:00,,,11/16/2016,109,GRAND LARCENY,412,"LARCENY,GRAND FROM RESIDENCE, UNATTENDED",COMPLETED,FELONY,N.Y. HOUSING POLICE,BRONX,43,FRONT OF,RESIDENCE - PUBLIC HOUSING,,BRONXDALE,1021111,240829,40.82762679,-73.86680897,"(40.827626793, -73.866808966)"
569382531,11/15/2016,16:28:00,,,11/15/2016,105,ROBBERY,389,"ROBBERY,DWELLING",COMPLETED,FELONY,N.Y. HOUSING POLICE,BRONX,40,INSIDE,RESIDENCE - PUBLIC HOUSING,,MOTT HAVEN,1005426,235225,40.81229693,-73.92350234,"(40.812296927, -73.923502342)"
465056682,11/14/2016,14:55:00,11/14/2016,15:00:00,11/14/2016,110,GRAND LARCENY OF MOTOR VEHICLE,441,"LARCENY,GRAND OF AUTO",COMPLETED,FELONY,N.Y. HOUSING POLICE,BRONX,43,REAR OF,RESIDENCE - PUBLIC HOUSING,,SOUNDVIEW,1021490,236442,40.81558414,-73.86546385,"(40.81558414, -73.865463846)"
575989517,11/12/2016,9:50:00,11/12/2016,10:00:00,11/12/2016,105,ROBBERY,388,"ROBBERY,RESIDENTIAL COMMON AREA",COMPLETED,FELONY,N.Y. HOUSING POLICE,BRONX,43,FRONT OF,RESIDENCE - PUBLIC HOUSING,,BRONXDALE,1020068,240643,40.82712057,-73.8705787,"(40.827120568, -73.870578701)"
424489725,11/11/2016,21:35:00,11/11/2016,21:40:00,11/11/2016,105,ROBBERY,388,"ROBBERY,RESIDENTIAL COMMON AREA",COMPLETED,FELONY,N.Y. HOUSING POLICE,BRONX,43,INSIDE,RESIDENCE - PUBLIC HOUSING,,CASTLE HILL,1025580,236918,40.81687244,-73.85068493,"(40.816872438, -73.850684927)"
926724201,11/11/2016,18:20:00,11/11/2016,18:21:00,11/11/2016,105,ROBBERY,384,"ROBBERY,POCKETBOOK/CARRIED BAG",COMPLETED,FELONY,N.Y. HOUSING POLICE,BRONX,43,FRONT OF,RESIDENCE - PUBLIC HOUSING,,CASTLE HILL,1026553,237773,40.81921456,-73.8471643,"(40.819214563, -73.847164302)"
300054450,11/9/2016,18:30:00,11/10/2016,7:30:00,11/10/2016,109,GRAND LARCENY,457,"LARCENY,GRAND OF VEHICULAR/MOTORCYCLE ACCESSORIES",COMPLETED,FELONY,N.Y. HOUSING POLICE,BRONX,43,FRONT OF,RESIDENCE - PUBLIC HOUSING,,CASTLE HILL,1026999,237853,40.81943199,-73.84555244,"(40.819431994, -73.845552435)"
795763526,11/8/2016,0:05:00,11/8/2016,0:45:00,11/8/2016,106,FELONY ASSAULT,105,STRANGULATION 1ST,COMPLETED,FELONY,N.Y. HOUSING POLICE,BRONX,43,INSIDE,RESIDENCE - PUBLIC HOUSING,,CASTLE HILL,1026553,237773,40.81921456,-73.8471643,"(40.819214563, -73.847164302)"
468250224,11/6/2016,10:00:00,11/6/2016,12:00:00,11/8/2016,109,GRAND LARCENY,419,"LARCENY,GRAND FROM PERSON,UNCL",COMPLETED,FELONY,N.Y. HOUSING POLICE,BRONX,43,FRONT OF,RESIDENCE - PUBLIC HOUSING,,SOUNDVIEW,1021490,236442,40.81558414,-73.86546385,"(40.81558414, -73.865463846)"
507303221,11/6/2016,20:07:00,11/6/2016,20:37:00,11/6/2016,109,GRAND LARCENY,417,"LARCENY,GRAND FROM PERSON,PURS",COMPLETED,FELONY,N.Y. HOUSING POLICE,BRONX,44,INSIDE,RESIDENCE - PUBLIC HOUSING,,CLAREMONT ,1008151,241893,40.83059175,-73.91363443,"(40.830591745, -73.913634432)"
462434052,11/3/2016,22:20:00,11/3/2016,22:26:00,11/3/2016,105,ROBBERY,382,"ROBBERY,NECKCHAIN/JEWELRY",ATTEMPTED,FELONY,N.Y. HOUSING POLICE,BRONX,43,FRONT OF,RESIDENCE - PUBLIC HOUSING,,SOUNDVIEW,1021457,236045,40.81449463,-73.86558527,"(40.814494627, -73.865585266)"
164241431,11/1/2016,22:40:00,11/1/2016,22:45:00,11/2/2016,105,ROBBERY,383,"ROBBERY,DELIVERY PERSON",COMPLETED,FELONY,N.Y. HOUSING POLICE,BRONX,43,FRONT OF,RESIDENCE - PUBLIC HOUSING,,CASTLE HILL,1026382,237309,40.81794183,-73.84778502,"(40.817941833, -73.847785022)"
639166998,11/1/2016,22:00:00,11/1/2016,22:05:00,11/1/2016,106,FELONY ASSAULT,109,"ASSAULT 2,1,UNCLASSIFIED",COMPLETED,FELONY,N.Y. HOUSING POLICE,BRONX,43,INSIDE,RESIDENCE - PUBLIC HOUSING,,CASTLE HILL,1027228,237469,40.81837691,-73.84472754,"(40.818376912, -73.844727536)"
580431877,10/31/2016,13:00:00,,,11/1/2016,109,GRAND LARCENY,424,"LARCENY,GRAND BY CREDIT CARD ACCT COMPROMISE-EXISTING ACCT",COMPLETED,FELONY,N.Y. HOUSING POLICE,BRONX,43,INSIDE,RESIDENCE - PUBLIC HOUSING,,BRONXDALE,1019804,240596,40.82699263,-73.87153287,"(40.826992634, -73.87153287)"
979792291,10/31/2016,16:30:00,10/31/2016,16:32:00,10/31/2016,109,GRAND LARCENY,414,"LARCENY,GRAND PERSON,NECK CHAI",COMPLETED,FELONY,N.Y. HOUSING POLICE,BRONX,43,INSIDE,RESIDENCE - PUBLIC HOUSING,,BRONXDALE,1021623,240919,40.82787167,-73.86495842,"(40.827871665, -73.864958422)"
514151063,10/29/2016,20:40:00,10/29/2016,20:46:00,10/29/2016,106,FELONY ASSAULT,109,"ASSAULT 2,1,UNCLASSIFIED",COMPLETED,FELONY,N.Y. HOUSING POLICE,BRONX,45,INSIDE,RESIDENCE - PUBLIC HOUSING,,THROGGS NECK,1032930,239207,40.82311764,-73.8241144,"(40.823117641, -73.824114397)"
661114129,10/28/2016,10:28:00,10/28/2016,11:32:00,10/28/2016,106,FELONY ASSAULT,109,"ASSAULT 2,1,UNCLASSIFIED",COMPLETED,FELONY,N.Y. HOUSING POLICE,BRONX,45,INSIDE,RESIDENCE - PUBLIC HOUSING,,THROGGS NECK,1032930,239207,40.82311764,-73.8241144,"(40.823117641, -73.824114397)"
686004966,10/27/2016,12:05:00,10/27/2016,12:20:00,10/27/2016,109,GRAND LARCENY,417,"LARCENY,GRAND FROM PERSON,PURS",COMPLETED,FELONY,N.Y. HOUSING POLICE,BRONX,43,FRONT OF,RESIDENCE - PUBLIC HOUSING,,CASTLE HILL,1025622,237609,40.81876884,-73.85052893,"(40.818768839, -73.850528931)"
676947270,10/20/2016,12:35:00,10/20/2016,12:40:00,10/20/2016,105,ROBBERY,394,"ROBBERY,LICENSED FOR HIRE VEHICLE",COMPLETED,FELONY,N.Y. HOUSING POLICE,BRONX,43,FRONT OF,STREET,,BRONXDALE,1021275,240025,40.82541936,-73.86622081,"(40.825419359, -73.866220811)"
891962558,10/19/2016,23:55:00,10/20/2016,0:05:00,10/20/2016,105,ROBBERY,389,"ROBBERY,DWELLING",COMPLETED,FELONY,N.Y. HOUSING POLICE,BRONX,42,INSIDE,RESIDENCE - PUBLIC HOUSING,,MORRISANIA,1010158,242490,40.83222468,-73.90637977,"(40.832224679, -73.906379774)"
476955784,10/18/2016,18:00:00,10/18/2016,21:00:00,10/19/2016,106,FELONY ASSAULT,109,"ASSAULT 2,1,UNCLASSIFIED",COMPLETED,FELONY,N.Y. HOUSING POLICE,BRONX,44,INSIDE,RESIDENCE - PUBLIC HOUSING,,CLAREMONT ,1008393,241797,40.8303276,-73.9127603,"(40.830327595, -73.912760304)"
469437043,10/11/2016,13:00:00,10/11/2016,13:30:00,10/11/2016,106,FELONY ASSAULT,109,"ASSAULT 2,1,UNCLASSIFIED",ATTEMPTED,FELONY,N.Y. HOUSING POLICE,BRONX,43,INSIDE,RESIDENCE - PUBLIC HOUSING,,CASTLE HILL,1027228,237469,40.81837691,-73.84472754,"(40.818376912, -73.844727536)"
673973097,10/11/2016,10:45:00,,,10/11/2016,106,FELONY ASSAULT,105,STRANGULATION 1ST,COMPLETED,FELONY,N.Y. HOUSING POLICE,BRONX,43,FRONT OF,RESIDENCE - PUBLIC HOUSING,,SOUNDVIEW,1021490,236442,40.81558414,-73.86546385,"(40.81558414, -73.865463846)"
490402462,10/10/2016,20:10:00,10/10/2016,20:15:00,10/10/2016,105,ROBBERY,386,"ROBBERY,PERSONAL ELECTRONIC DEVICE",COMPLETED,FELONY,N.Y. HOUSING POLICE,BRONX,43,FRONT OF,RESIDENCE - PUBLIC HOUSING,,BRONXDALE,1020811,240473,40.82665092,-73.86789492,"(40.826650923, -73.867894916)"
848320694,10/8/2016,3:00:00,10/8/2016,3:10:00,10/8/2016,106,FELONY ASSAULT,109,"ASSAULT 2,1,UNCLASSIFIED",COMPLETED,FELONY,N.Y. HOUSING POLICE,BRONX,43,INSIDE,RESIDENCE - PUBLIC HOUSING,,BRONXDALE,1020325,240688,40.82724303,-73.86964983,"(40.827243034, -73.86964983)"
531703806,9/30/2016,17:00:00,10/4/2016,16:30:00,10/4/2016,110,GRAND LARCENY OF MOTOR VEHICLE,441,"LARCENY,GRAND OF AUTO",COMPLETED,FELONY,N.Y. POLICE DEPT,BRONX,43,OPPOSITE OF,STREET,,CASTLE HILL,1027228,237469,40.81837691,-73.84472754,"(40.818376912, -73.844727536)"
325390298,10/3/2016,2:00:00,10/3/2016,2:00:00,10/3/2016,106,FELONY ASSAULT,105,STRANGULATION 1ST,COMPLETED,FELONY,N.Y. HOUSING POLICE,BRONX,43,INSIDE,RESIDENCE - PUBLIC HOUSING,,BRONXDALE,1021879,240965,40.82799684,-73.86403314,"(40.827996836, -73.864033139)"
681665711,9/30/2016,23:15:00,9/30/2016,23:20:00,10/1/2016,109,GRAND LARCENY,405,"LARCENY,GRAND BY THEFT OF CREDIT CARD",COMPLETED,FELONY,N.Y. HOUSING POLICE,BRONX,42,FRONT OF,RESIDENCE - PUBLIC HOUSING,,MORRISANIA,1010158,242490,40.83222468,-73.90637977,"(40.832224679, -73.906379774)"
590109949,9/12/2016,0:00:00,9/29/2016,0:00:00,9/29/2016,109,GRAND LARCENY,405,"LARCENY,GRAND BY THEFT OF CREDIT CARD",COMPLETED,FELONY,N.Y. HOUSING POLICE,BRONX,43,INSIDE,RESIDENCE - PUBLIC HOUSING,,CASTLE HILL,1026553,237773,40.81921456,-73.8471643,"(40.819214563, -73.847164302)"
533058245,9/22/2016,16:00:00,,,9/22/2016,109,GRAND LARCENY,439,"LARCENY,GRAND FROM OPEN AREAS, UNATTENDED",COMPLETED,FELONY,N.Y. HOUSING POLICE,BRONX,40,REAR OF,RESIDENCE - PUBLIC HOUSING,,MOTT HAVEN,1005426,235225,40.81229693,-73.92350234,"(40.812296927, -73.923502342)"
230863319,9/22/2016,4:00:00,9/22/2016,4:20:00,9/22/2016,105,ROBBERY,386,"ROBBERY,PERSONAL ELECTRONIC DEVICE",COMPLETED,FELONY,N.Y. HOUSING POLICE,BRONX,43,FRONT OF,RESIDENCE - PUBLIC HOUSING,,BRONXDALE,1019804,240596,40.82699263,-73.87153287,"(40.826992634, -73.87153287)"
526678435,9/19/2016,4:24:00,9/19/2016,4:45:00,9/19/2016,105,ROBBERY,388,"ROBBERY,RESIDENTIAL COMMON AREA",COMPLETED,FELONY,N.Y. HOUSING POLICE,BRONX,43,INSIDE,RESIDENCE - PUBLIC HOUSING,,CASTLE HILL,1025580,236918,40.81687244,-73.85068493,"(40.816872438, -73.850684927)"
288006614,9/14/2016,1:55:00,9/14/2016,2:06:00,9/14/2016,105,ROBBERY,397,"ROBBERY,OPEN AREA UNCLASSIFIED",COMPLETED,FELONY,N.Y. HOUSING POLICE,BRONX,43,FRONT OF,RESIDENCE - PUBLIC HOUSING,,BRONXDALE,1021879,240965,40.82799684,-73.86403314,"(40.827996836, -73.864033139)"
934169261,9/12/2016,6:30:00,9/12/2016,6:50:00,9/12/2016,105,ROBBERY,390,"ROBBERY,HOME INVASION",COMPLETED,FELONY,N.Y. HOUSING POLICE,BRONX,45,INSIDE,RESIDENCE - PUBLIC HOUSING,,THROGGS NECK,1032930,239207,40.82311764,-73.8241144,"(40.823117641, -73.824114397)"
865560631,9/12/2016,3:30:00,9/12/2016,3:35:00,9/12/2016,105,ROBBERY,388,"ROBBERY,RESIDENTIAL COMMON AREA",COMPLETED,FELONY,N.Y. HOUSING POLICE,BRONX,43,INSIDE,RESIDENCE - PUBLIC HOUSING,,CASTLE HILL,1025580,236918,40.81687244,-73.85068493,"(40.816872438, -73.850684927)"
168155679,9/9/2016,19:30:00,,,9/12/2016,109,GRAND LARCENY,439,"LARCENY,GRAND FROM OPEN AREAS, UNATTENDED",COMPLETED,FELONY,N.Y. HOUSING POLICE,BRONX,44,FRONT OF,RESIDENCE - PUBLIC HOUSING,,HIGHBRIDGE ,1004574,243855,40.83598582,-73.92655408,"(40.835985824, -73.926554084)"
470259786,9/8/2016,11:14:00,9/8/2016,12:00:00,9/8/2016,109,GRAND LARCENY,409,"LARCENY,GRAND BY EXTORTION",ATTEMPTED,FELONY,N.Y. HOUSING POLICE,BRONX,43,INSIDE,RESIDENCE - PUBLIC HOUSING,,CASTLE HILL,1025622,237609,40.81876884,-73.85052893,"(40.818768839, -73.850528931)"
977935085,9/7/2016,9:00:00,9/7/2016,14:30:00,9/8/2016,109,GRAND LARCENY,412,"LARCENY,GRAND FROM RESIDENCE, UNATTENDED",COMPLETED,FELONY,N.Y. HOUSING POLICE,BRONX,43,INSIDE,RESIDENCE - PUBLIC HOUSING,,SOUNDVIEW,1020874,237525,40.81855924,-73.86768337,"(40.818559244, -73.867683367)"
983304902,9/7/2016,19:15:00,9/7/2016,19:21:00,9/7/2016,106,FELONY ASSAULT,109,"ASSAULT 2,1,UNCLASSIFIED",COMPLETED,FELONY,N.Y. HOUSING POLICE,BRONX,43,INSIDE,RESIDENCE - PUBLIC HOUSING,,BRONXDALE,1021623,240919,40.82787167,-73.86495842,"(40.827871665, -73.864958422)"
285999623,9/7/2016,17:50:00,9/7/2016,18:00:00,9/7/2016,106,FELONY ASSAULT,109,"ASSAULT 2,1,UNCLASSIFIED",COMPLETED,FELONY,N.Y. HOUSING POLICE,BRONX,43,INSIDE,RESIDENCE - PUBLIC HOUSING,,CASTLE HILL,1025622,237609,40.81876884,-73.85052893,"(40.818768839, -73.850528931)"
221836630,9/7/2016,14:00:00,9/7/2016,14:40:00,9/7/2016,106,FELONY ASSAULT,109,"ASSAULT 2,1,UNCLASSIFIED",COMPLETED,FELONY,N.Y. POLICE DEPT,BRONX,42,OPPOSITE OF,STREET,,CLAREMONT ,1011847,244280,40.83713259,-73.90026901,"(40.837132594, -73.90026901)"
490354369,9/7/2016,14:00:00,9/7/2016,14:40:00,9/7/2016,106,FELONY ASSAULT,109,"ASSAULT 2,1,UNCLASSIFIED",COMPLETED,FELONY,N.Y. POLICE DEPT,BRONX,42,OPPOSITE OF,STREET,,CLAREMONT ,1011847,244280,40.83713259,-73.90026901,"(40.837132594, -73.90026901)"
740060631,9/6/2016,1:40:00,,,9/6/2016,105,ROBBERY,388,"ROBBERY,RESIDENTIAL COMMON AREA",COMPLETED,FELONY,N.Y. HOUSING POLICE,BRONX,44,INSIDE,RESIDENCE - PUBLIC HOUSING,,HIGHBRIDGE ,1003988,244111,40.8366898,-73.92867103,"(40.836689799, -73.928671032)"
724597042,9/5/2016,11:00:00,9/5/2016,12:00:00,9/5/2016,106,FELONY ASSAULT,109,"ASSAULT 2,1,UNCLASSIFIED",COMPLETED,FELONY,N.Y. HOUSING POLICE,BRONX,43,INSIDE,RESIDENCE - PUBLIC HOUSING,,CASTLE HILL,1026596,236961,40.81698565,-73.84701407,"(40.816985648, -73.847014071)"
500165694,9/4/2016,22:10:00,,,9/4/2016,105,ROBBERY,388,"ROBBERY,RESIDENTIAL COMMON AREA",COMPLETED,FELONY,N.Y. HOUSING POLICE,BRONX,45,INSIDE,RESIDENCE - PUBLIC HOUSING,,THROGGS NECK,1032930,239207,40.82311764,-73.8241144,"(40.823117641, -73.824114397)"
912599393,8/26/2016,14:09:00,,,8/26/2016,106,FELONY ASSAULT,105,STRANGULATION 1ST,COMPLETED,FELONY,N.Y. HOUSING POLICE,BRONX,44,FRONT OF,RESIDENCE - PUBLIC HOUSING,,HIGHBRIDGE ,1003610,243521,40.83507126,-73.93003877,"(40.835071256, -73.930038774)"
192118571,8/23/2016,5:49:00,8/23/2016,6:26:00,8/23/2016,106,FELONY ASSAULT,109,"ASSAULT 2,1,UNCLASSIFIED",COMPLETED,FELONY,N.Y. HOUSING POLICE,BRONX,43,INSIDE,RESIDENCE - PUBLIC HOUSING,,BRONXDALE,1020852,240782,40.82749887,-73.86774509,"(40.827498869, -73.867745085)"
611106467,8/22/2016,23:40:00,8/22/2016,23:45:00,8/23/2016,105,ROBBERY,394,"ROBBERY,LICENSED FOR HIRE VEHICLE",COMPLETED,FELONY,N.Y. HOUSING POLICE,BRONX,43,FRONT OF,TAXI (LIVERY LICENSED),,CASTLE HILL,1027228,237469,40.81837691,-73.84472754,"(40.818376912, -73.844727536)"
897716193,8/22/2016,13:30:00,,,8/22/2016,109,GRAND LARCENY,419,"LARCENY,GRAND FROM PERSON,UNCL",COMPLETED,FELONY,N.Y. HOUSING POLICE,BRONX,43,FRONT OF,RESIDENCE - PUBLIC HOUSING,,BRONXDALE,1021275,240025,40.82541936,-73.86622081,"(40.825419359, -73.866220811)"
217673353,8/4/2016,23:30:00,,,8/22/2016,106,FELONY ASSAULT,109,"ASSAULT 2,1,UNCLASSIFIED",COMPLETED,FELONY,N.Y. HOUSING POLICE,BRONX,43,INSIDE,RESIDENCE - PUBLIC HOUSING,,SOUNDVIEW,1020637,237482,40.8184422,-73.86853985,"(40.818442201, -73.868539851)"
347163938,6/21/2016,14:00:00,,,8/22/2016,109,GRAND LARCENY,422,"LARCENY,GRAND BY OPEN CREDIT CARD (NEW ACCT)",COMPLETED,FELONY,N.Y. HOUSING POLICE,BRONX,43,,RESIDENCE - PUBLIC HOUSING,,SOUNDVIEW,1020874,237525,40.81855924,-73.86768337,"(40.818559244, -73.867683367)"
119767732,8/21/2016,18:15:00,8/21/2016,18:20:00,8/21/2016,105,ROBBERY,397,"ROBBERY,OPEN AREA UNCLASSIFIED",COMPLETED,FELONY,N.Y. HOUSING POLICE,BRONX,43,FRONT OF,RESIDENCE - PUBLIC HOUSING,,BRONXDALE,1021111,240829,40.82762679,-73.86680897,"(40.827626793, -73.866808966)"
221457983,8/21/2016,8:00:00,8/21/2016,8:05:00,8/21/2016,106,FELONY ASSAULT,109,"ASSAULT 2,1,UNCLASSIFIED",COMPLETED,FELONY,N.Y. HOUSING POLICE,BRONX,45,INSIDE,RESIDENCE - PUBLIC HOUSING,,THROGGS NECK,1033577,239043,40.82266392,-73.82177792,"(40.822663919, -73.821777915)"
364349341,8/21/2016,1:30:00,8/21/2016,7:00:00,8/21/2016,106,FELONY ASSAULT,105,STRANGULATION 1ST,COMPLETED,FELONY,N.Y. HOUSING POLICE,BRONX,43,INSIDE,RESIDENCE - PUBLIC HOUSING,,BRONXDALE,1020325,240688,40.82724303,-73.86964983,"(40.827243034, -73.86964983)"
656153118,8/19/2016,0:15:00,8/19/2016,0:20:00,8/19/2016,105,ROBBERY,389,"ROBBERY,DWELLING",COMPLETED,FELONY,N.Y. HOUSING POLICE,BRONX,43,INSIDE,RESIDENCE - PUBLIC HOUSING,,CASTLE HILL,1026268,237961,40.81973193,-73.8481928,"(40.81973193, -73.848192804)"
252142568,6/4/2016,20:00:00,,,8/19/2016,106,FELONY ASSAULT,109,"ASSAULT 2,1,UNCLASSIFIED",COMPLETED,FELONY,N.Y. HOUSING POLICE,BRONX,45,INSIDE,RESIDENCE - PUBLIC HOUSING,,THROGGS NECK,1032218,239444,40.82377203,-73.82668524,"(40.823772033, -73.826685244)"
861493364,8/17/2016,19:00:00,8/17/2016,19:31:00,8/17/2016,106,FELONY ASSAULT,109,"ASSAULT 2,1,UNCLASSIFIED",COMPLETED,FELONY,N.Y. HOUSING POLICE,BRONX,43,INSIDE,RESIDENCE - PUBLIC HOUSING,,CASTLE HILL,1025708,238315,40.82070621,-73.85021386,"(40.820706205, -73.850213861)"
374549479,8/17/2016,17:27:00,,,8/17/2016,105,ROBBERY,366,"ROBBERY,BICYCLE",COMPLETED,FELONY,N.Y. POLICE DEPT,BRONX,44,OPPOSITE OF,PARK/PLAYGROUND,MOTT PLAYGROUND,CLAREMONT ,1007976,242140,40.83127016,-73.91426593,"(40.831270161, -73.914265926)"
861495730,8/14/2016,9:00:00,,,8/16/2016,109,GRAND LARCENY,401,"LARCENY,GRAND BY ACQUIRING LOS",COMPLETED,FELONY,N.Y. HOUSING POLICE,BRONX,43,INSIDE,RESIDENCE - PUBLIC HOUSING,,BRONXDALE,1021275,240025,40.82541936,-73.86622081,"(40.825419359, -73.866220811)"
693752453,8/10/2016,22:00:00,8/10/2016,22:30:00,8/11/2016,105,ROBBERY,386,"ROBBERY,PERSONAL ELECTRONIC DEVICE",COMPLETED,FELONY,N.Y. HOUSING POLICE,BRONX,43,INSIDE,RESIDENCE - PUBLIC HOUSING,,SOUNDVIEW,1020891,236726,40.81636615,-73.86762631,"(40.816366145, -73.867626311)"
607125353,10/1/2011,8:00:00,8/10/2016,9:00:00,8/10/2016,109,GRAND LARCENY,422,"LARCENY,GRAND BY OPEN CREDIT CARD (NEW ACCT)",COMPLETED,FELONY,N.Y. HOUSING POLICE,BRONX,43,INSIDE,RESIDENCE - PUBLIC HOUSING,,CASTLE HILL,1026382,237309,40.81794183,-73.84778502,"(40.817941833, -73.847785022)"
829373467,8/9/2016,3:50:00,8/9/2016,3:55:00,8/9/2016,105,ROBBERY,390,"ROBBERY,HOME INVASION",COMPLETED,FELONY,N.Y. HOUSING POLICE,BRONX,43,INSIDE,RESIDENCE - PUBLIC HOUSING,,SOUNDVIEW,1020341,237429,40.81829795,-73.86960955,"(40.818297945, -73.869609545)"
592929009,8/9/2016,1:50:00,,,8/9/2016,105,ROBBERY,390,"ROBBERY,HOME INVASION",ATTEMPTED,FELONY,N.Y. HOUSING POLICE,BRONX,43,INSIDE,RESIDENCE - PUBLIC HOUSING,,SOUNDVIEW,1020874,237525,40.81855924,-73.86768337,"(40.818559244, -73.867683367)"
638728864,8/7/2016,15:30:00,8/7/2016,16:00:00,8/7/2016,105,ROBBERY,388,"ROBBERY,RESIDENTIAL COMMON AREA",COMPLETED,FELONY,N.Y. HOUSING POLICE,BRONX,43,INSIDE,RESIDENCE - PUBLIC HOUSING,,SOUNDVIEW,1020341,237429,40.81829795,-73.86960955,"(40.818297945, -73.869609545)"
908785997,8/7/2016,11:00:00,8/7/2016,11:07:00,8/7/2016,106,FELONY ASSAULT,109,"ASSAULT 2,1,UNCLASSIFIED",COMPLETED,FELONY,N.Y. HOUSING POLICE,BRONX,43,INSIDE,RESIDENCE - PUBLIC HOUSING,,BRONXDALE,1021576,240437,40.82654891,-73.86513093,"(40.826548914, -73.865130932)"
808722956,8/5/2016,10:00:00,8/5/2016,10:10:00,8/5/2016,106,FELONY ASSAULT,109,"ASSAULT 2,1,UNCLASSIFIED",COMPLETED,FELONY,N.Y. HOUSING POLICE,BRONX,43,FRONT OF,RESIDENCE - PUBLIC HOUSING,,CASTLE HILL,1026382,237309,40.81794183,-73.84778502,"(40.817941833, -73.847785022)"
143465945,7/16/2016,12:00:00,7/16/2016,12:00:00,8/3/2016,109,GRAND LARCENY,402,"LARCENY,GRAND BY FALSE PROMISE-NOT IN PERSON CONTACT",COMPLETED,FELONY,N.Y. HOUSING POLICE,BRONX,43,INSIDE,RESIDENCE - PUBLIC HOUSING,,CASTLE HILL,1026596,236961,40.81698565,-73.84701407,"(40.816985648, -73.847014071)"
236761053,8/2/2016,12:30:00,,,8/2/2016,106,FELONY ASSAULT,105,STRANGULATION 1ST,COMPLETED,FELONY,N.Y. HOUSING POLICE,BRONX,44,INSIDE,RESIDENCE - PUBLIC HOUSING,,CLAREMONT ,1009143,242913,40.83338861,-73.91004603,"(40.833388611, -73.910046026)"
557846227,7/30/2016,2:00:00,8/1/2016,5:45:00,8/1/2016,109,GRAND LARCENY,457,"LARCENY,GRAND OF VEHICULAR/MOTORCYCLE ACCESSORIES",COMPLETED,FELONY,N.Y. HOUSING POLICE,BRONX,43,FRONT OF,RESIDENCE - PUBLIC HOUSING,,BRONXDALE,1022040,240165,40.82580038,-73.86345589,"(40.825800379, -73.86345589)"
651875388,7/27/2016,11:30:00,7/27/2016,12:55:00,7/27/2016,106,FELONY ASSAULT,109,"ASSAULT 2,1,UNCLASSIFIED",ATTEMPTED,FELONY,N.Y. HOUSING POLICE,BRONX,43,INSIDE,RESIDENCE - PUBLIC HOUSING,,CASTLE HILL,1026596,236961,40.81698565,-73.84701407,"(40.816985648, -73.847014071)"
463641617,7/27/2016,11:30:00,7/27/2016,11:45:00,7/27/2016,106,FELONY ASSAULT,105,STRANGULATION 1ST,COMPLETED,FELONY,N.Y. HOUSING POLICE,BRONX,43,INSIDE,RESIDENCE - PUBLIC HOUSING,,BRONXDALE,1022040,240165,40.82580038,-73.86345589,"(40.825800379, -73.86345589)"
936963361,7/27/2016,6:00:00,7/27/2016,8:46:00,7/27/2016,109,GRAND LARCENY,412,"LARCENY,GRAND FROM RESIDENCE, UNATTENDED",COMPLETED,FELONY,N.Y. HOUSING POLICE,BRONX,43,INSIDE,RESIDENCE - PUBLIC HOUSING,,CASTLE HILL,1026596,236961,40.81698565,-73.84701407,"(40.816985648, -73.847014071)"
555909755,7/25/2016,17:20:00,7/25/2016,17:30:00,7/25/2016,105,ROBBERY,388,"ROBBERY,RESIDENTIAL COMMON AREA",COMPLETED,FELONY,N.Y. HOUSING POLICE,BRONX,45,INSIDE,RESIDENCE - PUBLIC HOUSING,,THROGGS NECK,1033283,237655,40.8188559,-73.82285031,"(40.818855896, -73.822850307)"
306335749,7/23/2016,0:20:00,7/23/2016,0:30:00,7/23/2016,109,GRAND LARCENY,438,"LARCENY,GRAND FROM BUILDING (NON-RESIDENCE) UNATTENDED",COMPLETED,FELONY,N.Y. HOUSING POLICE,BRONX,44,INSIDE,RESIDENCE - PUBLIC HOUSING,,CLAREMONT ,1008393,241797,40.8303276,-73.9127603,"(40.830327595, -73.912760304)"
422445457,2/21/2016,22:00:00,,,7/23/2016,106,FELONY ASSAULT,109,"ASSAULT 2,1,UNCLASSIFIED",COMPLETED,FELONY,N.Y. HOUSING POLICE,BRONX,45,INSIDE,RESIDENCE - PUBLIC HOUSING,,THROGGS NECK,1032930,239207,40.82311764,-73.8241144,"(40.823117641, -73.824114397)"
116011219,7/20/2016,5:00:00,7/20/2016,6:00:00,7/20/2016,110,GRAND LARCENY OF MOTOR VEHICLE,441,"LARCENY,GRAND OF AUTO",COMPLETED,FELONY,N.Y. HOUSING POLICE,BRONX,43,FRONT OF,RESIDENCE - PUBLIC HOUSING,,SOUNDVIEW,1020891,236726,40.81636615,-73.86762631,"(40.816366145, -73.867626311)"
605398842,7/19/2016,10:00:00,,,7/19/2016,106,FELONY ASSAULT,109,"ASSAULT 2,1,UNCLASSIFIED",COMPLETED,FELONY,N.Y. HOUSING POLICE,BRONX,43,INSIDE,RESIDENCE - PUBLIC HOUSING,,CASTLE HILL,1026999,237853,40.81943199,-73.84555244,"(40.819431994, -73.845552435)"
910276554,7/19/2016,10:00:00,7/19/2016,10:30:00,7/19/2016,106,FELONY ASSAULT,109,"ASSAULT 2,1,UNCLASSIFIED",COMPLETED,FELONY,N.Y. HOUSING POLICE,BRONX,43,INSIDE,RESIDENCE - PUBLIC HOUSING,,CASTLE HILL,1026999,237853,40.81943199,-73.84555244,"(40.819431994, -73.845552435)"
454786389,7/18/2016,9:50:00,7/18/2016,10:00:00,7/18/2016,106,FELONY ASSAULT,109,"ASSAULT 2,1,UNCLASSIFIED",COMPLETED,FELONY,N.Y. HOUSING POLICE,BRONX,43,INSIDE,RESIDENCE - PUBLIC HOUSING,,CASTLE HILL,1025580,236918,40.81687244,-73.85068493,"(40.816872438, -73.850684927)"
441611189,7/16/2016,9:30:00,7/16/2016,9:35:00,7/16/2016,106,FELONY ASSAULT,109,"ASSAULT 2,1,UNCLASSIFIED",COMPLETED,FELONY,N.Y. HOUSING POLICE,BRONX,44,INSIDE,RESIDENCE - PUBLIC HOUSING,,CLAREMONT ,1008187,241345,40.82908755,-73.9135063,"(40.829087545, -73.9135063)"
608723932,7/16/2016,9:30:00,7/16/2016,9:35:00,7/16/2016,106,FELONY ASSAULT,109,"ASSAULT 2,1,UNCLASSIFIED",COMPLETED,FELONY,N.Y. HOUSING POLICE,BRONX,44,INSIDE,RESIDENCE - PUBLIC HOUSING,,CLAREMONT ,1008187,241345,40.82908755,-73.9135063,"(40.829087545, -73.9135063)"
368556636,7/12/2016,14:05:00,7/12/2016,14:30:00,7/12/2016,109,GRAND LARCENY,419,"LARCENY,GRAND FROM PERSON,UNCL",COMPLETED,FELONY,N.Y. HOUSING POLICE,BRONX,43,FRONT OF,RESIDENCE - PUBLIC HOUSING,,BRONXDALE,1021576,240437,40.82654891,-73.86513093,"(40.826548914, -73.865130932)"
322135707,7/12/2016,3:44:00,7/12/2016,4:29:00,7/12/2016,106,FELONY ASSAULT,109,"ASSAULT 2,1,UNCLASSIFIED",COMPLETED,FELONY,N.Y. HOUSING POLICE,BRONX,43,INSIDE,RESIDENCE - PUBLIC HOUSING,,BRONXDALE,1020325,240688,40.82724303,-73.86964983,"(40.827243034, -73.86964983)"
686814278,7/10/2016,19:50:00,7/10/2016,20:12:00,7/10/2016,106,FELONY ASSAULT,109,"ASSAULT 2,1,UNCLASSIFIED",COMPLETED,FELONY,N.Y. HOUSING POLICE,BRONX,42,REAR OF,RESIDENCE - PUBLIC HOUSING,,CLAREMONT ,1011762,244572,40.83793432,-73.90057499,"(40.837934315, -73.900574992)"
168262276,7/9/2016,16:35:00,7/9/2016,16:44:00,7/9/2016,106,FELONY ASSAULT,106,"ASSAULT 2,1,PEACE OFFICER",COMPLETED,FELONY,N.Y. HOUSING POLICE,BRONX,43,REAR OF,RESIDENCE - PUBLIC HOUSING,,CASTLE HILL,1025580,236918,40.81687244,-73.85068493,"(40.816872438, -73.850684927)"
992686529,7/8/2016,16:00:00,,,7/8/2016,105,ROBBERY,386,"ROBBERY,PERSONAL ELECTRONIC DEVICE",COMPLETED,FELONY,N.Y. HOUSING POLICE,BRONX,45,OPPOSITE OF,RESIDENCE - PUBLIC HOUSING,,THROGGS NECK,1033283,237655,40.8188559,-73.82285031,"(40.818855896, -73.822850307)"
938258580,7/4/2016,8:45:00,7/5/2016,8:40:00,7/5/2016,110,GRAND LARCENY OF MOTOR VEHICLE,441,"LARCENY,GRAND OF AUTO",COMPLETED,FELONY,N.Y. HOUSING POLICE,BRONX,45,FRONT OF,RESIDENCE - PUBLIC HOUSING,,THROGGS NECK,1032948,238316,40.820672,-73.82405583,"(40.820672004, -73.824055827)"
379031206,7/4/2016,12:50:00,7/4/2016,13:01:00,7/4/2016,105,ROBBERY,388,"ROBBERY,RESIDENTIAL COMMON AREA",COMPLETED,FELONY,N.Y. HOUSING POLICE,BRONX,43,INSIDE,RESIDENCE - PUBLIC HOUSING,,BRONXDALE,1021275,240025,40.82541936,-73.86622081,"(40.825419359, -73.866220811)"
926620709,7/4/2016,11:55:00,7/4/2016,12:30:00,7/4/2016,109,GRAND LARCENY,437,"LARCENY,GRAND BY FALSE PROMISE-IN PERSON CONTACT",COMPLETED,FELONY,N.Y. HOUSING POLICE,BRONX,43,REAR OF,RESIDENCE - PUBLIC HOUSING,,CASTLE HILL,1025866,238415,40.82097993,-73.84964239,"(40.820979933, -73.849642388)"
833179729,7/4/2016,11:20:00,7/4/2016,11:30:00,7/4/2016,106,FELONY ASSAULT,109,"ASSAULT 2,1,UNCLASSIFIED",COMPLETED,FELONY,N.Y. HOUSING POLICE,BRONX,43,INSIDE,RESIDENCE - PUBLIC HOUSING,,CASTLE HILL,1025708,238315,40.82070621,-73.85021386,"(40.820706205, -73.850213861)"
464594332,7/2/2016,4:45:00,7/2/2016,5:00:00,7/3/2016,105,ROBBERY,389,"ROBBERY,DWELLING",COMPLETED,FELONY,N.Y. HOUSING POLICE,BRONX,43,INSIDE,RESIDENCE - PUBLIC HOUSING,,BRONXDALE,1021623,240919,40.82787167,-73.86495842,"(40.827871665, -73.864958422)"
585701767,12/11/2015,19:30:00,12/11/2015,20:00:00,7/3/2016,106,FELONY ASSAULT,109,"ASSAULT 2,1,UNCLASSIFIED",COMPLETED,FELONY,N.Y. HOUSING POLICE,BRONX,45,INSIDE,RESIDENCE - PUBLIC HOUSING,,WESTCHESTER ,1025661,243553,40.83508322,-73.85035134,"(40.835083222, -73.850351342)"
550788966,6/29/2016,2:00:00,6/29/2016,2:30:00,6/29/2016,106,FELONY ASSAULT,105,STRANGULATION 1ST,COMPLETED,FELONY,N.Y. HOUSING POLICE,BRONX,43,INSIDE,RESIDENCE - PUBLIC HOUSING,,CASTLE HILL,1025622,237609,40.81876884,-73.85052893,"(40.818768839, -73.850528931)"
230835535,6/28/2016,7:05:00,6/29/2016,8:45:00,6/29/2016,109,GRAND LARCENY,405,"LARCENY,GRAND BY THEFT OF CREDIT CARD",COMPLETED,FELONY,N.Y. HOUSING POLICE,BRONX,44,INSIDE,RESIDENCE - PUBLIC HOUSING,,CLAREMONT ,1008393,241797,40.8303276,-73.9127603,"(40.830327595, -73.912760304)"
731680136,6/27/2016,0:01:00,6/27/2016,0:04:00,6/27/2016,106,FELONY ASSAULT,109,"ASSAULT 2,1,UNCLASSIFIED",ATTEMPTED,FELONY,N.Y. HOUSING POLICE,BRONX,45,INSIDE,RESIDENCE - PUBLIC HOUSING,,THROGGS NECK,1032930,239207,40.82311764,-73.8241144,"(40.823117641, -73.824114397)"
546659352,6/25/2016,7:30:00,6/25/2016,8:00:00,6/25/2016,105,ROBBERY,388,"ROBBERY,RESIDENTIAL COMMON AREA",COMPLETED,FELONY,N.Y. HOUSING POLICE,BRONX,43,INSIDE,RESIDENCE - PUBLIC HOUSING,,SOUNDVIEW,1021342,237277,40.8178766,-73.86599391,"(40.817876601, -73.865993913)"
746410355,6/20/2016,16:52:00,,,6/20/2016,101,MURDER & NON-NEGL. MANSLAUGHTER,,,COMPLETED,FELONY,N.Y. HOUSING POLICE,BRONX,43,OUTSIDE,,,BRONXDALE,1021623,240919,40.82787167,-73.86495842,"(40.827871665, -73.864958422)"
950404697,6/19/2016,21:45:00,6/20/2016,7:30:00,6/20/2016,109,GRAND LARCENY,421,"LARCENY,GRAND FROM VEHICLE/MOTORCYCLE",COMPLETED,FELONY,N.Y. HOUSING POLICE,BRONX,43,REAR OF,RESIDENCE - PUBLIC HOUSING,,SOUNDVIEW,1020891,236726,40.81636615,-73.86762631,"(40.816366145, -73.867626311)"
733366466,6/18/2016,19:00:00,6/18/2016,19:25:00,6/18/2016,106,FELONY ASSAULT,109,"ASSAULT 2,1,UNCLASSIFIED",COMPLETED,FELONY,N.Y. HOUSING POLICE,BRONX,44,INSIDE,RESIDENCE - PUBLIC HOUSING,,CLAREMONT ,1009143,242913,40.83338861,-73.91004603,"(40.833388611, -73.910046026)"
621925707,6/15/2016,20:25:00,6/15/2016,20:30:00,6/15/2016,105,ROBBERY,397,"ROBBERY,OPEN AREA UNCLASSIFIED",COMPLETED,FELONY,N.Y. HOUSING POLICE,BRONX,43,REAR OF,RESIDENCE - PUBLIC HOUSING,,CASTLE HILL,1025580,236918,40.81687244,-73.85068493,"(40.816872438, -73.850684927)"
216344811,5/3/2016,18:00:00,6/6/2016,18:00:00,6/10/2016,109,GRAND LARCENY,402,"LARCENY,GRAND BY FALSE PROMISE-NOT IN PERSON CONTACT",COMPLETED,FELONY,N.Y. HOUSING POLICE,BRONX,43,INSIDE,RESIDENCE - PUBLIC HOUSING,,SOUNDVIEW,1021490,236442,40.81558414,-73.86546385,"(40.81558414, -73.865463846)"
995773557,6/9/2016,13:20:00,6/9/2016,13:35:00,6/9/2016,106,FELONY ASSAULT,109,"ASSAULT 2,1,UNCLASSIFIED",COMPLETED,FELONY,N.Y. HOUSING POLICE,BRONX,43,INSIDE,RESIDENCE - PUBLIC HOUSING,,CASTLE HILL,1026596,236961,40.81698565,-73.84701407,"(40.816985648, -73.847014071)"
474816503,6/6/2016,19:15:00,6/6/2016,19:30:00,6/6/2016,105,ROBBERY,388,"ROBBERY,RESIDENTIAL COMMON AREA",ATTEMPTED,FELONY,N.Y. HOUSING POLICE,BRONX,42,INSIDE,RESIDENCE - PUBLIC HOUSING,,MORRISANIA ,1007424,239937,40.82522502,-73.91626822,"(40.825225023, -73.916268224)"
556421137,6/3/2016,22:45:00,,,6/3/2016,106,FELONY ASSAULT,109,"ASSAULT 2,1,UNCLASSIFIED",COMPLETED,FELONY,N.Y. HOUSING POLICE,BRONX,44,FRONT OF,RESIDENCE - PUBLIC HOUSING,,HIGHBRIDGE ,1003988,244111,40.8366898,-73.92867103,"(40.836689799, -73.928671032)"
917079650,6/3/2016,19:30:00,6/3/2016,19:40:00,6/3/2016,106,FELONY ASSAULT,109,"ASSAULT 2,1,UNCLASSIFIED",ATTEMPTED,FELONY,N.Y. HOUSING POLICE,BRONX,43,OPPOSITE OF,RESIDENCE - PUBLIC HOUSING,,CASTLE HILL,1025580,236918,40.81687244,-73.85068493,"(40.816872438, -73.850684927)"
874849789,6/1/2016,8:30:00,,,6/1/2016,106,FELONY ASSAULT,109,"ASSAULT 2,1,UNCLASSIFIED",COMPLETED,FELONY,N.Y. HOUSING POLICE,BRONX,43,INSIDE,RESIDENCE - PUBLIC HOUSING,,SOUNDVIEW,1020637,237482,40.8184422,-73.86853985,"(40.818442201, -73.868539851)"
899547071,5/31/2016,22:00:00,5/31/2016,23:00:00,6/1/2016,105,ROBBERY,386,"ROBBERY,PERSONAL ELECTRONIC DEVICE",COMPLETED,FELONY,N.Y. HOUSING POLICE,BRONX,45,,RESIDENCE - PUBLIC HOUSING,,WESTCHESTER ,1025661,243553,40.83508322,-73.85035134,"(40.835083222, -73.850351342)"
354708517,5/27/2016,16:00:00,5/28/2016,23:59:00,6/1/2016,109,GRAND LARCENY,422,"LARCENY,GRAND BY OPEN CREDIT CARD (NEW ACCT)",COMPLETED,FELONY,N.Y. HOUSING POLICE,BRONX,45,INSIDE,RESIDENCE - PUBLIC HOUSING,,THROGGS NECK,1033396,238306,40.82064208,-73.82243728,"(40.820642076, -73.822437283)"
187886312,5/29/2016,23:45:00,5/29/2016,23:55:00,5/30/2016,106,FELONY ASSAULT,109,"ASSAULT 2,1,UNCLASSIFIED",COMPLETED,FELONY,N.Y. HOUSING POLICE,BRONX,43,INSIDE,RESIDENCE - PUBLIC HOUSING,,CASTLE HILL,1026268,237961,40.81973193,-73.8481928,"(40.81973193, -73.848192804)"
260428407,5/29/2016,15:04:00,5/29/2016,15:06:00,5/29/2016,106,FELONY ASSAULT,109,"ASSAULT 2,1,UNCLASSIFIED",COMPLETED,FELONY,N.Y. HOUSING POLICE,BRONX,43,FRONT OF,RESIDENCE - PUBLIC HOUSING,,SOUNDVIEW,1021490,236442,40.81558414,-73.86546385,"(40.81558414, -73.865463846)"
482946880,5/21/2016,14:00:00,5/22/2016,11:11:00,5/22/2016,110,GRAND LARCENY OF MOTOR VEHICLE,441,"LARCENY,GRAND OF AUTO",COMPLETED,FELONY,N.Y. HOUSING POLICE,BRONX,43,FRONT OF,RESIDENCE - PUBLIC HOUSING,,CASTLE HILL,1025580,236918,40.81687244,-73.85068493,"(40.816872438, -73.850684927)"
374686071,5/21/2016,13:33:00,,,5/21/2016,106,FELONY ASSAULT,109,"ASSAULT 2,1,UNCLASSIFIED",COMPLETED,FELONY,N.Y. HOUSING POLICE,BRONX,44,INSIDE,RESIDENCE - PUBLIC HOUSING,,CLAREMONT ,1009143,242913,40.83338861,-73.91004603,"(40.833388611, -73.910046026)"
960408110,5/19/2016,9:45:00,5/19/2016,10:15:00,5/19/2016,105,ROBBERY,397,"ROBBERY,OPEN AREA UNCLASSIFIED",COMPLETED,FELONY,N.Y. HOUSING POLICE,BRONX,43,REAR OF,RESIDENCE - PUBLIC HOUSING,,CASTLE HILL,1026596,236961,40.81698565,-73.84701407,"(40.816985648, -73.847014071)"
156956325,5/18/2016,2:20:00,5/18/2016,2:25:00,5/18/2016,109,GRAND LARCENY,404,"LARCENY,GRAND FROM PERSON,PERSONAL ELECTRONIC DEVICE(SNATCH)",COMPLETED,FELONY,N.Y. HOUSING POLICE,BRONX,43,FRONT OF,RESIDENCE - PUBLIC HOUSING,,BRONXDALE,1021275,240025,40.82541936,-73.86622081,"(40.825419359, -73.866220811)"
573275714,5/17/2016,21:58:00,5/17/2016,22:00:00,5/17/2016,106,FELONY ASSAULT,106,"ASSAULT 2,1,PEACE OFFICER",COMPLETED,FELONY,N.Y. HOUSING POLICE,BRONX,45,FRONT OF,RESIDENCE - PUBLIC HOUSING,,THROGGS NECK,1033283,237655,40.8188559,-73.82285031,"(40.818855896, -73.822850307)"
260191097,5/17/2016,1:50:00,5/17/2016,2:01:00,5/17/2016,106,FELONY ASSAULT,109,"ASSAULT 2,1,UNCLASSIFIED",COMPLETED,FELONY,N.Y. HOUSING POLICE,BRONX,43,REAR OF,RESIDENCE - PUBLIC HOUSING,,CASTLE HILL,1025622,237609,40.81876884,-73.85052893,"(40.818768839, -73.850528931)"
815135102,5/11/2016,20:00:00,5/12/2016,7:00:00,5/16/2016,109,GRAND LARCENY,457,"LARCENY,GRAND OF VEHICULAR/MOTORCYCLE ACCESSORIES",COMPLETED,FELONY,N.Y. HOUSING POLICE,BRONX,43,FRONT OF,RESIDENCE - PUBLIC HOUSING,,SOUNDVIEW,1020891,236726,40.81636615,-73.86762631,"(40.816366145, -73.867626311)"
102456695,5/15/2016,12:35:00,,,5/15/2016,105,ROBBERY,397,"ROBBERY,OPEN AREA UNCLASSIFIED",COMPLETED,FELONY,N.Y. HOUSING POLICE,BRONX,43,FRONT OF,RESIDENCE - PUBLIC HOUSING,,BRONXDALE,1021275,240025,40.82541936,-73.86622081,"(40.825419359, -73.866220811)"
207635134,5/13/2016,13:45:00,5/13/2016,13:55:00,5/13/2016,106,FELONY ASSAULT,109,"ASSAULT 2,1,UNCLASSIFIED",COMPLETED,FELONY,N.Y. HOUSING POLICE,BRONX,43,INSIDE,RESIDENCE - PUBLIC HOUSING,,CASTLE HILL,1026304,236909,40.81684432,-73.84806933,"(40.816844318, -73.848069331)"
909703825,5/13/2016,3:00:00,5/13/2016,3:05:00,5/13/2016,106,FELONY ASSAULT,109,"ASSAULT 2,1,UNCLASSIFIED",COMPLETED,FELONY,N.Y. HOUSING POLICE,BRONX,43,INSIDE,RESIDENCE - PUBLIC HOUSING,,CASTLE HILL,1026268,237961,40.81973193,-73.8481928,"(40.81973193, -73.848192804)"
499131551,5/13/2016,3:00:00,5/13/2016,3:05:00,5/13/2016,106,FELONY ASSAULT,109,"ASSAULT 2,1,UNCLASSIFIED",COMPLETED,FELONY,N.Y. HOUSING POLICE,BRONX,43,INSIDE,RESIDENCE - PUBLIC HOUSING,,CASTLE HILL,1026268,237961,40.81973193,-73.8481928,"(40.81973193, -73.848192804)"
386851951,5/10/2016,23:15:00,5/10/2016,23:20:00,5/11/2016,105,ROBBERY,386,"ROBBERY,PERSONAL ELECTRONIC DEVICE",COMPLETED,FELONY,N.Y. HOUSING POLICE,BRONX,43,FRONT OF,RESIDENCE - PUBLIC HOUSING,,BRONXDALE,1021275,240025,40.82541936,-73.86622081,"(40.825419359, -73.866220811)"
285953566,5/9/2016,19:00:00,5/10/2016,7:00:00,5/10/2016,110,GRAND LARCENY OF MOTOR VEHICLE,441,"LARCENY,GRAND OF AUTO",COMPLETED,FELONY,N.Y. HOUSING POLICE,BRONX,43,REAR OF,RESIDENCE - PUBLIC HOUSING,,CASTLE HILL,1026382,237309,40.81794183,-73.84778502,"(40.817941833, -73.847785022)"
646308459,5/9/2016,17:00:00,5/9/2016,17:15:00,5/9/2016,106,FELONY ASSAULT,106,"ASSAULT 2,1,PEACE OFFICER",COMPLETED,FELONY,N.Y. HOUSING POLICE,BRONX,43,FRONT OF,RESIDENCE - PUBLIC HOUSING,,SOUNDVIEW,1020891,236726,40.81636615,-73.86762631,"(40.816366145, -73.867626311)"
192708859,5/8/2016,2:30:00,5/8/2016,12:30:00,5/8/2016,109,GRAND LARCENY,457,"LARCENY,GRAND OF VEHICULAR/MOTORCYCLE ACCESSORIES",COMPLETED,FELONY,N.Y. HOUSING POLICE,BRONX,43,FRONT OF,RESIDENCE - PUBLIC HOUSING,,CASTLE HILL,1026127,237697,40.819008,-73.84870388,"(40.819007995, -73.848703875)"
532947285,4/1/2016,9:00:00,5/6/2016,9:00:00,5/6/2016,109,GRAND LARCENY,420,"LARCENY,GRAND BY OPEN/COMPROMISE CELL PHONE ACCT",COMPLETED,FELONY,N.Y. HOUSING POLICE,BRONX,44,INSIDE,RESIDENCE - PUBLIC HOUSING,,HIGHBRIDGE ,1003988,244111,40.8366898,-73.92867103,"(40.836689799, -73.928671032)"
620960637,4/30/2016,19:00:00,,,5/5/2016,106,FELONY ASSAULT,109,"ASSAULT 2,1,UNCLASSIFIED",COMPLETED,FELONY,N.Y. HOUSING POLICE,BRONX,43,INSIDE,RESIDENCE - PUBLIC HOUSING,,SOUNDVIEW,1020874,237525,40.81855924,-73.86768337,"(40.818559244, -73.867683367)"
175956735,4/30/2016,10:45:00,4/30/2016,11:10:00,4/30/2016,106,FELONY ASSAULT,109,"ASSAULT 2,1,UNCLASSIFIED",COMPLETED,FELONY,N.Y. HOUSING POLICE,BRONX,43,INSIDE,RESIDENCE - PUBLIC HOUSING,,SOUNDVIEW,1020891,236726,40.81636615,-73.86762631,"(40.816366145, -73.867626311)"
126736062,4/30/2016,10:45:00,4/30/2016,11:10:00,4/30/2016,106,FELONY ASSAULT,109,"ASSAULT 2,1,UNCLASSIFIED",ATTEMPTED,FELONY,N.Y. HOUSING POLICE,BRONX,43,INSIDE,RESIDENCE - PUBLIC HOUSING,,SOUNDVIEW,1020891,236726,40.81636615,-73.86762631,"(40.816366145, -73.867626311)"
983499096,4/29/2016,20:04:00,4/29/2016,20:06:00,4/29/2016,105,ROBBERY,389,"ROBBERY,DWELLING",COMPLETED,FELONY,N.Y. HOUSING POLICE,BRONX,44,INSIDE,RESIDENCE - PUBLIC HOUSING,,CLAREMONT ,1009143,242913,40.83338861,-73.91004603,"(40.833388611, -73.910046026)"
538724277,4/27/2016,21:00:00,4/27/2016,21:30:00,4/27/2016,109,GRAND LARCENY,404,"LARCENY,GRAND FROM PERSON,PERSONAL ELECTRONIC DEVICE(SNATCH)",COMPLETED,FELONY,N.Y. HOUSING POLICE,BRONX,45,FRONT OF,RESIDENCE - PUBLIC HOUSING,,THROGGS NECK,1032948,238316,40.820672,-73.82405583,"(40.820672004, -73.824055827)"
754223806,4/26/2016,15:40:00,4/26/2016,15:50:00,4/26/2016,105,ROBBERY,389,"ROBBERY,DWELLING",COMPLETED,FELONY,N.Y. HOUSING POLICE,BRONX,45,INSIDE,RESIDENCE - PUBLIC HOUSING,,THROGGS NECK,1033396,238306,40.82064208,-73.82243728,"(40.820642076, -73.822437283)"
568169305,4/25/2016,16:00:00,4/25/2016,16:10:00,4/25/2016,106,FELONY ASSAULT,109,"ASSAULT 2,1,UNCLASSIFIED",COMPLETED,FELONY,N.Y. HOUSING POLICE,BRONX,43,INSIDE,RESIDENCE - PUBLIC HOUSING,,CASTLE HILL,1025866,238415,40.82097993,-73.84964239,"(40.820979933, -73.849642388)"
142894587,4/24/2016,5:50:00,4/24/2016,6:39:00,4/24/2016,106,FELONY ASSAULT,109,"ASSAULT 2,1,UNCLASSIFIED",COMPLETED,FELONY,N.Y. HOUSING POLICE,BRONX,43,INSIDE,RESIDENCE - PUBLIC HOUSING,,BRONXDALE,1021367,240874,40.82774923,-73.8658837,"(40.827749233, -73.865883696)"
452893527,4/23/2016,23:55:00,4/24/2016,15:00:00,4/24/2016,110,GRAND LARCENY OF MOTOR VEHICLE,441,"LARCENY,GRAND OF AUTO",COMPLETED,FELONY,N.Y. POLICE DEPT,BRONX,43,OPPOSITE OF,STREET,,CASTLE HILL,1027228,237469,40.81837691,-73.84472754,"(40.818376912, -73.844727536)"
832238903,4/18/2016,5:00:00,4/18/2016,6:00:00,4/21/2016,105,ROBBERY,397,"ROBBERY,OPEN AREA UNCLASSIFIED",COMPLETED,FELONY,N.Y. POLICE DEPT,BRONX,45,OPPOSITE OF,STREET,,THROGGS NECK,1033040,237544,40.81855258,-73.82372905,"(40.818552578, -73.823729046)"
502795812,4/20/2016,1:20:00,4/20/2016,9:00:00,4/20/2016,109,GRAND LARCENY,409,"LARCENY,GRAND BY EXTORTION",COMPLETED,FELONY,N.Y. HOUSING POLICE,BRONX,44,INSIDE,RESIDENCE - PUBLIC HOUSING,,HIGHBRIDGE ,1003761,243811,40.83586689,-73.92949225,"(40.83586689, -73.92949225)"
230221032,4/18/2016,20:15:00,,,4/18/2016,106,FELONY ASSAULT,109,"ASSAULT 2,1,UNCLASSIFIED",COMPLETED,FELONY,N.Y. HOUSING POLICE,BRONX,43,INSIDE,RESIDENCE - PUBLIC HOUSING,,BRONXDALE,1020544,239893,40.82506009,-73.86886281,"(40.82506009, -73.868862808)"
110938321,4/17/2016,21:30:00,4/18/2016,9:30:00,4/18/2016,106,FELONY ASSAULT,109,"ASSAULT 2,1,UNCLASSIFIED",COMPLETED,FELONY,N.Y. HOUSING POLICE,BRONX,43,INSIDE,RESIDENCE - PUBLIC HOUSING,,CASTLE HILL,1026999,237853,40.81943199,-73.84555244,"(40.819431994, -73.845552435)"
672039187,4/17/2016,19:00:00,,,4/18/2016,109,GRAND LARCENY,405,"LARCENY,GRAND BY THEFT OF CREDIT CARD",COMPLETED,FELONY,N.Y. HOUSING POLICE,BRONX,45,INSIDE,RESIDENCE - PUBLIC HOUSING,,THROGGS NECK,1033678,238650,40.82158468,-73.82141589,"(40.821584683, -73.821415888)"
447896787,4/17/2016,22:32:00,,,4/17/2016,101,MURDER & NON-NEGL. MANSLAUGHTER,,,COMPLETED,FELONY,N.Y. HOUSING POLICE,BRONX,43,INSIDE,,,SOUNDVIEW,1020891,236726,40.81636615,-73.86762631,"(40.816366145, -73.867626311)"
269255641,4/16/2016,8:40:00,,,4/17/2016,105,ROBBERY,397,"ROBBERY,OPEN AREA UNCLASSIFIED",COMPLETED,FELONY,N.Y. HOUSING POLICE,BRONX,45,FRONT OF,RESIDENCE - PUBLIC HOUSING,,THROGGS NECK,1032948,238316,40.820672,-73.82405583,"(40.820672004, -73.824055827)"
138065852,4/16/2016,16:45:00,,,4/16/2016,106,FELONY ASSAULT,109,"ASSAULT 2,1,UNCLASSIFIED",COMPLETED,FELONY,N.Y. HOUSING POLICE,BRONX,40,INSIDE,RESIDENCE - PUBLIC HOUSING,,MOTT HAVEN,1005426,235225,40.81229693,-73.92350234,"(40.812296927, -73.923502342)"
155588223,4/15/2016,12:00:00,4/15/2016,12:10:00,4/15/2016,105,ROBBERY,397,"ROBBERY,OPEN AREA UNCLASSIFIED",COMPLETED,FELONY,N.Y. HOUSING POLICE,BRONX,43,FRONT OF,RESIDENCE - PUBLIC HOUSING,,CASTLE HILL,1026999,237853,40.81943199,-73.84555244,"(40.819431994, -73.845552435)"
408086026,4/14/2016,7:30:00,,,4/14/2016,106,FELONY ASSAULT,109,"ASSAULT 2,1,UNCLASSIFIED",ATTEMPTED,FELONY,N.Y. HOUSING POLICE,BRONX,43,INSIDE,RESIDENCE - PUBLIC HOUSING,,CASTLE HILL,1026382,237309,40.81794183,-73.84778502,"(40.817941833, -73.847785022)"
689274787,4/12/2016,21:30:00,4/12/2016,22:00:00,4/12/2016,109,GRAND LARCENY,421,"LARCENY,GRAND FROM VEHICLE/MOTORCYCLE",COMPLETED,FELONY,N.Y. HOUSING POLICE,BRONX,43,FRONT OF,RESIDENCE - PUBLIC HOUSING,,BRONXDALE,1021275,240025,40.82541936,-73.86622081,"(40.825419359, -73.866220811)"
791225742,4/12/2016,11:30:00,4/12/2016,11:40:00,4/12/2016,105,ROBBERY,389,"ROBBERY,DWELLING",COMPLETED,FELONY,N.Y. HOUSING POLICE,BRONX,43,INSIDE,RESIDENCE - PUBLIC HOUSING,,CASTLE HILL,1026382,237309,40.81794183,-73.84778502,"(40.817941833, -73.847785022)"
462661018,4/11/2016,10:00:00,4/11/2016,10:10:00,4/11/2016,106,FELONY ASSAULT,109,"ASSAULT 2,1,UNCLASSIFIED",COMPLETED,FELONY,N.Y. HOUSING POLICE,BRONX,43,INSIDE,RESIDENCE - PUBLIC HOUSING,,SOUNDVIEW,1020891,236726,40.81636615,-73.86762631,"(40.816366145, -73.867626311)"
465488331,4/10/2016,4:30:00,4/10/2016,4:45:00,4/10/2016,105,ROBBERY,384,"ROBBERY,POCKETBOOK/CARRIED BAG",COMPLETED,FELONY,N.Y. HOUSING POLICE,BRONX,43,INSIDE,RESIDENCE - PUBLIC HOUSING,,CASTLE HILL,1026304,236909,40.81684432,-73.84806933,"(40.816844318, -73.848069331)"
366423463,4/7/2016,12:45:00,4/7/2016,13:22:00,4/7/2016,106,FELONY ASSAULT,109,"ASSAULT 2,1,UNCLASSIFIED",ATTEMPTED,FELONY,N.Y. HOUSING POLICE,BRONX,43,INSIDE,RESIDENCE - PUBLIC HOUSING,,SOUNDVIEW,1020891,236726,40.81636615,-73.86762631,"(40.816366145, -73.867626311)"
489212509,4/3/2016,21:00:00,,,4/3/2016,106,FELONY ASSAULT,106,"ASSAULT 2,1,PEACE OFFICER",COMPLETED,FELONY,N.Y. HOUSING POLICE,BRONX,42,INSIDE,RESIDENCE - PUBLIC HOUSING,,MORRISANIA,1010158,242490,40.83222468,-73.90637977,"(40.832224679, -73.906379774)"
919533131,4/2/2016,13:00:00,4/2/2016,14:30:00,4/2/2016,106,FELONY ASSAULT,105,STRANGULATION 1ST,COMPLETED,FELONY,N.Y. HOUSING POLICE,BRONX,43,,RESIDENCE - PUBLIC HOUSING,,BRONXDALE,1020811,240473,40.82665092,-73.86789492,"(40.826650923, -73.867894916)"
565014388,4/2/2016,2:30:00,4/2/2016,2:35:00,4/2/2016,105,ROBBERY,389,"ROBBERY,DWELLING",COMPLETED,FELONY,N.Y. HOUSING POLICE,BRONX,43,INSIDE,RESIDENCE - PUBLIC HOUSING,,BRONXDALE,1019804,240596,40.82699263,-73.87153287,"(40.826992634, -73.87153287)"
637315139,4/1/2016,1:00:00,4/1/2016,1:30:00,4/2/2016,109,GRAND LARCENY,421,"LARCENY,GRAND FROM VEHICLE/MOTORCYCLE",COMPLETED,FELONY,N.Y. HOUSING POLICE,BRONX,43,FRONT OF,RESIDENCE - PUBLIC HOUSING,,CASTLE HILL,1026382,237309,40.81794183,-73.84778502,"(40.817941833, -73.847785022)"
482046970,3/31/2016,13:30:00,3/31/2016,15:11:00,3/31/2016,106,FELONY ASSAULT,109,"ASSAULT 2,1,UNCLASSIFIED",COMPLETED,FELONY,N.Y. HOUSING POLICE,BRONX,45,INSIDE,RESIDENCE - PUBLIC HOUSING,,THROGGS NECK,1032930,239207,40.82311764,-73.8241144,"(40.823117641, -73.824114397)"
831029205,3/28/2016,6:30:00,3/28/2016,6:32:00,3/31/2016,106,FELONY ASSAULT,109,"ASSAULT 2,1,UNCLASSIFIED",COMPLETED,FELONY,N.Y. HOUSING POLICE,BRONX,43,INSIDE,RESIDENCE - PUBLIC HOUSING,,BRONXDALE,1021275,240025,40.82541936,-73.86622081,"(40.825419359, -73.866220811)"
195582309,3/27/2016,8:30:00,3/27/2016,8:37:00,3/27/2016,109,GRAND LARCENY,404,"LARCENY,GRAND FROM PERSON,PERSONAL ELECTRONIC DEVICE(SNATCH)",COMPLETED,FELONY,N.Y. HOUSING POLICE,BRONX,43,FRONT OF,RESIDENCE - PUBLIC HOUSING,,BRONXDALE,1021623,240919,40.82787167,-73.86495842,"(40.827871665, -73.864958422)"
606579739,3/23/2016,7:00:00,3/23/2016,8:00:00,3/24/2016,109,GRAND LARCENY,412,"LARCENY,GRAND FROM RESIDENCE, UNATTENDED",COMPLETED,FELONY,N.Y. HOUSING POLICE,BRONX,45,INSIDE,RESIDENCE - PUBLIC HOUSING,,THROGGS NECK,1032930,239207,40.82311764,-73.8241144,"(40.823117641, -73.824114397)"
452598854,3/19/2016,16:40:00,3/19/2016,16:50:00,3/19/2016,105,ROBBERY,389,"ROBBERY,DWELLING",COMPLETED,FELONY,N.Y. HOUSING POLICE,BRONX,43,INSIDE,RESIDENCE - PUBLIC HOUSING,,BRONXDALE,1021576,240437,40.82654891,-73.86513093,"(40.826548914, -73.865130932)"
711562643,3/15/2016,16:35:00,3/15/2016,16:40:00,3/15/2016,109,GRAND LARCENY,419,"LARCENY,GRAND FROM PERSON,UNCL",COMPLETED,FELONY,N.Y. HOUSING POLICE,BRONX,45,INSIDE,RESIDENCE - PUBLIC HOUSING,,THROGGS NECK,1032930,239207,40.82311764,-73.8241144,"(40.823117641, -73.824114397)"
967244787,3/15/2016,15:00:00,3/15/2016,15:30:00,3/15/2016,105,ROBBERY,383,"ROBBERY,DELIVERY PERSON",COMPLETED,FELONY,N.Y. HOUSING POLICE,BRONX,43,FRONT OF,RESIDENCE - PUBLIC HOUSING,,SOUNDVIEW,1020891,236726,40.81636615,-73.86762631,"(40.816366145, -73.867626311)"
770620776,3/15/2016,13:30:00,,,3/15/2016,106,FELONY ASSAULT,109,"ASSAULT 2,1,UNCLASSIFIED",COMPLETED,FELONY,N.Y. HOUSING POLICE,BRONX,43,INSIDE,RESIDENCE - PUBLIC HOUSING,,BRONXDALE,1020811,240473,40.82665092,-73.86789492,"(40.826650923, -73.867894916)"
599362000,3/15/2016,8:45:00,3/15/2016,10:00:00,3/15/2016,109,GRAND LARCENY,405,"LARCENY,GRAND BY THEFT OF CREDIT CARD",COMPLETED,FELONY,N.Y. HOUSING POLICE,BRONX,43,FRONT OF,RESIDENCE - PUBLIC HOUSING,,SOUNDVIEW,1020341,237429,40.81829795,-73.86960955,"(40.818297945, -73.869609545)"
258979375,3/14/2016,16:30:00,3/14/2016,18:00:00,3/14/2016,106,FELONY ASSAULT,105,STRANGULATION 1ST,COMPLETED,FELONY,N.Y. HOUSING POLICE,BRONX,43,INSIDE,RESIDENCE - PUBLIC HOUSING,,CASTLE HILL,1026553,237773,40.81921456,-73.8471643,"(40.819214563, -73.847164302)"
555266391,3/10/2016,21:06:00,3/10/2016,21:13:00,3/10/2016,106,FELONY ASSAULT,109,"ASSAULT 2,1,UNCLASSIFIED",COMPLETED,FELONY,N.Y. HOUSING POLICE,BRONX,45,FRONT OF,RESIDENCE - PUBLIC HOUSING,,THROGGS NECK,1032948,238316,40.820672,-73.82405583,"(40.820672004, -73.824055827)"
465367353,3/7/2016,8:40:00,3/7/2016,9:30:00,3/7/2016,106,FELONY ASSAULT,105,STRANGULATION 1ST,COMPLETED,FELONY,N.Y. HOUSING POLICE,BRONX,43,INSIDE,RESIDENCE - PUBLIC HOUSING,,SOUNDVIEW,1020891,236726,40.81636615,-73.86762631,"(40.816366145, -73.867626311)"
517947601,2/27/2016,6:35:00,,,2/27/2016,106,FELONY ASSAULT,109,"ASSAULT 2,1,UNCLASSIFIED",COMPLETED,FELONY,N.Y. HOUSING POLICE,BRONX,42,INSIDE,RESIDENCE - PUBLIC HOUSING,,MORRISANIA,1010158,242490,40.83222468,-73.90637977,"(40.832224679, -73.906379774)"
906209134,2/26/2016,16:50:00,2/26/2016,16:55:00,2/26/2016,105,ROBBERY,386,"ROBBERY,PERSONAL ELECTRONIC DEVICE",COMPLETED,FELONY,N.Y. HOUSING POLICE,BRONX,43,FRONT OF,RESIDENCE - PUBLIC HOUSING,,CASTLE HILL,1026382,237309,40.81794183,-73.84778502,"(40.817941833, -73.847785022)"
622185436,2/26/2016,13:35:00,2/26/2016,13:40:00,2/26/2016,106,FELONY ASSAULT,105,STRANGULATION 1ST,COMPLETED,FELONY,N.Y. HOUSING POLICE,BRONX,43,INSIDE,RESIDENCE - PUBLIC HOUSING,,BRONXDALE,1022040,240165,40.82580038,-73.86345589,"(40.825800379, -73.86345589)"
832820696,2/25/2016,13:30:00,2/25/2016,14:00:00,2/26/2016,106,FELONY ASSAULT,109,"ASSAULT 2,1,UNCLASSIFIED",COMPLETED,FELONY,N.Y. HOUSING POLICE,BRONX,45,INSIDE,RESIDENCE - PUBLIC HOUSING,,THROGGS NECK,1032948,238316,40.820672,-73.82405583,"(40.820672004, -73.824055827)"
885190372,2/22/2016,19:00:00,2/23/2016,8:00:00,2/23/2016,110,GRAND LARCENY OF MOTOR VEHICLE,441,"LARCENY,GRAND OF AUTO",COMPLETED,FELONY,N.Y. HOUSING POLICE,BRONX,43,FRONT OF,RESIDENCE - PUBLIC HOUSING,,CASTLE HILL,1026999,237853,40.81943199,-73.84555244,"(40.819431994, -73.845552435)"
201191042,2/22/2016,11:40:00,2/22/2016,11:45:00,2/22/2016,105,ROBBERY,388,"ROBBERY,RESIDENTIAL COMMON AREA",ATTEMPTED,FELONY,N.Y. HOUSING POLICE,BRONX,43,INSIDE,RESIDENCE - PUBLIC HOUSING,,CASTLE HILL,1025708,238315,40.82070621,-73.85021386,"(40.820706205, -73.850213861)"
462338454,2/21/2016,12:40:00,2/21/2016,12:45:00,2/21/2016,105,ROBBERY,386,"ROBBERY,PERSONAL ELECTRONIC DEVICE",ATTEMPTED,FELONY,N.Y. HOUSING POLICE,BRONX,43,INSIDE,RESIDENCE - PUBLIC HOUSING,,CASTLE HILL,1026382,237309,40.81794183,-73.84778502,"(40.817941833, -73.847785022)"
104582364,2/21/2016,11:10:00,2/21/2016,11:12:00,2/21/2016,106,FELONY ASSAULT,109,"ASSAULT 2,1,UNCLASSIFIED",COMPLETED,FELONY,N.Y. HOUSING POLICE,BRONX,44,INSIDE,RESIDENCE - PUBLIC HOUSING,,HIGHBRIDGE ,1003988,244111,40.8366898,-73.92867103,"(40.836689799, -73.928671032)"
866533858,2/20/2016,4:30:00,2/20/2016,14:30:00,2/20/2016,110,GRAND LARCENY OF MOTOR VEHICLE,441,"LARCENY,GRAND OF AUTO",COMPLETED,FELONY,N.Y. HOUSING POLICE,BRONX,43,FRONT OF,RESIDENCE - PUBLIC HOUSING,,SOUNDVIEW,1020891,236726,40.81636615,-73.86762631,"(40.816366145, -73.867626311)"
717270504,2/20/2016,4:00:00,2/20/2016,10:20:00,2/20/2016,106,FELONY ASSAULT,109,"ASSAULT 2,1,UNCLASSIFIED",COMPLETED,FELONY,N.Y. HOUSING POLICE,BRONX,43,INSIDE,RESIDENCE - PUBLIC HOUSING,,SOUNDVIEW,1021457,236045,40.81449463,-73.86558527,"(40.814494627, -73.865585266)"
230297741,2/19/2016,15:50:00,2/19/2016,15:55:00,2/19/2016,106,FELONY ASSAULT,109,"ASSAULT 2,1,UNCLASSIFIED",COMPLETED,FELONY,N.Y. HOUSING POLICE,BRONX,43,FRONT OF,RESIDENCE - PUBLIC HOUSING,,CASTLE HILL,1026304,236909,40.81684432,-73.84806933,"(40.816844318, -73.848069331)"
693401774,2/16/2016,12:50:00,2/16/2016,13:09:00,2/16/2016,106,FELONY ASSAULT,109,"ASSAULT 2,1,UNCLASSIFIED",COMPLETED,FELONY,N.Y. HOUSING POLICE,BRONX,43,INSIDE,RESIDENCE - PUBLIC HOUSING,,BRONXDALE,1020586,240735,40.82737097,-73.86870649,"(40.827370965, -73.868706492)"
352716167,2/14/2016,20:30:00,2/14/2016,20:40:00,2/16/2016,106,FELONY ASSAULT,109,"ASSAULT 2,1,UNCLASSIFIED",COMPLETED,FELONY,N.Y. HOUSING POLICE,BRONX,42,INSIDE,RESIDENCE - PUBLIC HOUSING,,CLAREMONT ,1011587,242656,40.83267599,-73.90121524,"(40.832675994, -73.901215237)"
660778400,2/13/2016,6:00:00,2/13/2016,6:10:00,2/13/2016,105,ROBBERY,394,"ROBBERY,LICENSED FOR HIRE VEHICLE",COMPLETED,FELONY,N.Y. HOUSING POLICE,BRONX,43,FRONT OF,STREET,,CASTLE HILL,1026382,237309,40.81794183,-73.84778502,"(40.817941833, -73.847785022)"
914050913,2/12/2016,19:15:00,2/12/2016,19:20:00,2/12/2016,109,GRAND LARCENY,421,"LARCENY,GRAND FROM VEHICLE/MOTORCYCLE",COMPLETED,FELONY,N.Y. HOUSING POLICE,BRONX,43,FRONT OF,RESIDENCE - PUBLIC HOUSING,,BRONXDALE,1021576,240437,40.82654891,-73.86513093,"(40.826548914, -73.865130932)"
936680682,2/11/2016,22:15:00,,,2/11/2016,105,ROBBERY,390,"ROBBERY,HOME INVASION",COMPLETED,FELONY,N.Y. HOUSING POLICE,BRONX,43,INSIDE,RESIDENCE - PUBLIC HOUSING,,CASTLE HILL,1026999,237853,40.81943199,-73.84555244,"(40.819431994, -73.845552435)"
364048916,2/10/2016,10:00:00,2/11/2016,12:00:00,2/11/2016,110,GRAND LARCENY OF MOTOR VEHICLE,451,"LARCENY,GRAND OF MOTORCYCLE",COMPLETED,FELONY,N.Y. HOUSING POLICE,BRONX,45,REAR OF,RESIDENCE - PUBLIC HOUSING,,THROGGS NECK,1032218,239444,40.82377203,-73.82668524,"(40.823772033, -73.826685244)"
716017484,2/10/2016,8:00:00,2/10/2016,8:10:00,2/10/2016,110,GRAND LARCENY OF MOTOR VEHICLE,441,"LARCENY,GRAND OF AUTO",COMPLETED,FELONY,N.Y. POLICE DEPT,BRONX,42,OPPOSITE OF,STREET,,MORRISANIA,1010158,242490,40.83222468,-73.90637977,"(40.832224679, -73.906379774)"
688729069,2/9/2016,17:10:00,2/9/2016,17:15:00,2/9/2016,105,ROBBERY,388,"ROBBERY,RESIDENTIAL COMMON AREA",COMPLETED,FELONY,N.Y. HOUSING POLICE,BRONX,43,INSIDE,RESIDENCE - PUBLIC HOUSING,,BRONXDALE,1021623,240919,40.82787167,-73.86495842,"(40.827871665, -73.864958422)"
477439757,2/7/2016,22:12:00,2/7/2016,22:48:00,2/7/2016,109,GRAND LARCENY,404,"LARCENY,GRAND FROM PERSON,PERSONAL ELECTRONIC DEVICE(SNATCH)",COMPLETED,FELONY,N.Y. HOUSING POLICE,BRONX,43,INSIDE,RESIDENCE - PUBLIC HOUSING,,SOUNDVIEW,1020874,237525,40.81855924,-73.86768337,"(40.818559244, -73.867683367)"
933795614,2/7/2016,15:40:00,,,2/7/2016,106,FELONY ASSAULT,109,"ASSAULT 2,1,UNCLASSIFIED",COMPLETED,FELONY,N.Y. HOUSING POLICE,BRONX,44,INSIDE,RESIDENCE - PUBLIC HOUSING,,HIGHBRIDGE ,1004809,243208,40.83420945,-73.92570682,"(40.834209452, -73.925706819)"
444046520,2/5/2016,11:30:00,2/5/2016,11:35:00,2/5/2016,105,ROBBERY,388,"ROBBERY,RESIDENTIAL COMMON AREA",COMPLETED,FELONY,N.Y. HOUSING POLICE,BRONX,43,INSIDE,RESIDENCE - PUBLIC HOUSING,,CASTLE HILL,1026382,237309,40.81794183,-73.84778502,"(40.817941833, -73.847785022)"
541292422,2/3/2016,10:25:00,2/3/2016,10:55:00,2/5/2016,106,FELONY ASSAULT,109,"ASSAULT 2,1,UNCLASSIFIED",COMPLETED,FELONY,N.Y. HOUSING POLICE,BRONX,43,INSIDE,RESIDENCE - PUBLIC HOUSING,,CASTLE HILL,1026382,237309,40.81794183,-73.84778502,"(40.817941833, -73.847785022)"
514247759,2/4/2016,17:30:00,,,2/4/2016,106,FELONY ASSAULT,109,"ASSAULT 2,1,UNCLASSIFIED",COMPLETED,FELONY,N.Y. HOUSING POLICE,BRONX,43,FRONT OF,RESIDENCE - PUBLIC HOUSING,,CASTLE HILL,1026382,237309,40.81794183,-73.84778502,"(40.817941833, -73.847785022)"
313698698,2/3/2016,16:10:00,2/3/2016,16:35:00,2/3/2016,106,FELONY ASSAULT,109,"ASSAULT 2,1,UNCLASSIFIED",COMPLETED,FELONY,N.Y. HOUSING POLICE,BRONX,43,INSIDE,RESIDENCE - PUBLIC HOUSING,,SOUNDVIEW,1020341,237429,40.81829795,-73.86960955,"(40.818297945, -73.869609545)"
711548463,2/2/2016,16:00:00,2/2/2016,16:55:00,2/2/2016,106,FELONY ASSAULT,109,"ASSAULT 2,1,UNCLASSIFIED",ATTEMPTED,FELONY,N.Y. HOUSING POLICE,BRONX,43,INSIDE,RESIDENCE - PUBLIC HOUSING,,CASTLE HILL,1025622,237609,40.81876884,-73.85052893,"(40.818768839, -73.850528931)"
261141468,2/1/2016,0:01:00,2/1/2016,2:00:00,2/1/2016,106,FELONY ASSAULT,105,STRANGULATION 1ST,COMPLETED,FELONY,N.Y. HOUSING POLICE,BRONX,43,INSIDE,RESIDENCE - PUBLIC HOUSING,,SOUNDVIEW,1020891,236726,40.81636615,-73.86762631,"(40.816366145, -73.867626311)"
901296636,1/31/2016,20:00:00,1/31/2016,20:30:00,1/31/2016,106,FELONY ASSAULT,109,"ASSAULT 2,1,UNCLASSIFIED",COMPLETED,FELONY,N.Y. HOUSING POLICE,BRONX,43,FRONT OF,RESIDENCE - PUBLIC HOUSING,,CASTLE HILL,1026268,237961,40.81973193,-73.8481928,"(40.81973193, -73.848192804)"
700171555,1/31/2016,10:00:00,1/31/2016,10:30:00,1/31/2016,106,FELONY ASSAULT,109,"ASSAULT 2,1,UNCLASSIFIED",COMPLETED,FELONY,N.Y. HOUSING POLICE,BRONX,43,INSIDE,RESIDENCE - PUBLIC HOUSING,,CASTLE HILL,1026999,237853,40.81943199,-73.84555244,"(40.819431994, -73.845552435)"
742347860,1/28/2016,11:00:00,1/28/2016,11:00:00,1/28/2016,109,GRAND LARCENY,404,"LARCENY,GRAND FROM PERSON,PERSONAL ELECTRONIC DEVICE(SNATCH)",COMPLETED,FELONY,N.Y. HOUSING POLICE,BRONX,43,FRONT OF,RESIDENCE - PUBLIC HOUSING,,BRONXDALE,1021576,240437,40.82654891,-73.86513093,"(40.826548914, -73.865130932)"
121171135,1/27/2016,18:40:00,1/27/2016,19:05:00,1/27/2016,106,FELONY ASSAULT,109,"ASSAULT 2,1,UNCLASSIFIED",COMPLETED,FELONY,N.Y. HOUSING POLICE,BRONX,43,INSIDE,RESIDENCE - PUBLIC HOUSING,,BRONXDALE,1022040,240165,40.82580038,-73.86345589,"(40.825800379, -73.86345589)"
970955771,1/24/2016,13:00:00,1/24/2016,13:23:00,1/24/2016,106,FELONY ASSAULT,109,"ASSAULT 2,1,UNCLASSIFIED",ATTEMPTED,FELONY,N.Y. HOUSING POLICE,BRONX,43,INSIDE,RESIDENCE - PUBLIC HOUSING,,CASTLE HILL,1025580,236918,40.81687244,-73.85068493,"(40.816872438, -73.850684927)"
610045258,1/22/2016,23:30:00,,,1/23/2016,109,GRAND LARCENY,417,"LARCENY,GRAND FROM PERSON,PURS",COMPLETED,FELONY,N.Y. HOUSING POLICE,BRONX,44,FRONT OF,RESIDENCE - PUBLIC HOUSING,,HIGHBRIDGE ,1003610,243521,40.83507126,-73.93003877,"(40.835071256, -73.930038774)"
107009903,1/21/2016,21:35:00,1/21/2016,21:40:00,1/21/2016,105,ROBBERY,388,"ROBBERY,RESIDENTIAL COMMON AREA",COMPLETED,FELONY,N.Y. HOUSING POLICE,BRONX,43,INSIDE,RESIDENCE - PUBLIC HOUSING,,BRONXDALE,1021367,240874,40.82774923,-73.8658837,"(40.827749233, -73.865883696)"
238129995,1/17/2016,18:00:00,1/18/2016,16:00:00,1/21/2016,109,GRAND LARCENY,412,"LARCENY,GRAND FROM RESIDENCE, UNATTENDED",COMPLETED,FELONY,N.Y. HOUSING POLICE,BRONX,43,INSIDE,RESIDENCE - PUBLIC HOUSING,,SOUNDVIEW,1020874,237525,40.81855924,-73.86768337,"(40.818559244, -73.867683367)"
272886645,1/20/2016,21:20:00,1/20/2016,21:26:00,1/20/2016,106,FELONY ASSAULT,109,"ASSAULT 2,1,UNCLASSIFIED",COMPLETED,FELONY,N.Y. HOUSING POLICE,BRONX,44,INSIDE,RESIDENCE - PUBLIC HOUSING,,CLAREMONT ,1007976,242140,40.83127016,-73.91426593,"(40.831270161, -73.914265926)"
311931423,1/14/2016,23:30:00,1/14/2016,23:45:00,1/15/2016,106,FELONY ASSAULT,109,"ASSAULT 2,1,UNCLASSIFIED",COMPLETED,FELONY,N.Y. HOUSING POLICE,BRONX,43,FRONT OF,RESIDENCE - PUBLIC HOUSING,,BRONXDALE,1021623,240919,40.82787167,-73.86495842,"(40.827871665, -73.864958422)"
551726376,1/12/2016,12:00:00,1/12/2016,17:00:00,1/13/2016,106,FELONY ASSAULT,109,"ASSAULT 2,1,UNCLASSIFIED",COMPLETED,FELONY,N.Y. HOUSING POLICE,BRONX,40,INSIDE,RESIDENCE - PUBLIC HOUSING,,MOTT HAVEN,1005426,235225,40.81229693,-73.92350234,"(40.812296927, -73.923502342)"
822278041,1/12/2016,16:50:00,1/12/2016,16:55:00,1/12/2016,106,FELONY ASSAULT,109,"ASSAULT 2,1,UNCLASSIFIED",COMPLETED,FELONY,N.Y. HOUSING POLICE,BRONX,43,INSIDE,RESIDENCE - PUBLIC HOUSING,,BRONXDALE,1020068,240643,40.82712057,-73.8705787,"(40.827120568, -73.870578701)"
829035581,1/10/2016,23:50:00,1/11/2016,0:05:00,1/11/2016,105,ROBBERY,389,"ROBBERY,DWELLING",COMPLETED,FELONY,N.Y. HOUSING POLICE,BRONX,43,INSIDE,RESIDENCE - PUBLIC HOUSING,,CASTLE HILL,1026268,237961,40.81973193,-73.8481928,"(40.81973193, -73.848192804)"
110168876,1/8/2016,1:20:00,1/8/2016,1:37:00,1/8/2016,106,FELONY ASSAULT,109,"ASSAULT 2,1,UNCLASSIFIED",COMPLETED,FELONY,N.Y. HOUSING POLICE,BRONX,45,INSIDE,RESIDENCE - PUBLIC HOUSING,,THROGGS NECK,1032930,239207,40.82311764,-73.8241144,"(40.823117641, -73.824114397)"
373280320,1/6/2016,13:30:00,1/6/2016,14:25:00,1/6/2016,109,GRAND LARCENY,421,"LARCENY,GRAND FROM VEHICLE/MOTORCYCLE",COMPLETED,FELONY,N.Y. HOUSING POLICE,BRONX,43,REAR OF,RESIDENCE - PUBLIC HOUSING,,CASTLE HILL,1025708,238315,40.82070621,-73.85021386,"(40.820706205, -73.850213861)"
305138947,1/5/2016,12:30:00,1/5/2016,12:40:00,1/5/2016,106,FELONY ASSAULT,109,"ASSAULT 2,1,UNCLASSIFIED",COMPLETED,FELONY,N.Y. HOUSING POLICE,BRONX,43,INSIDE,RESIDENCE - PUBLIC HOUSING,,CASTLE HILL,1026268,237961,40.81973193,-73.8481928,"(40.81973193, -73.848192804)"
791424863,1/2/2016,3:15:00,1/2/2016,3:25:00,1/2/2016,105,ROBBERY,388,"ROBBERY,RESIDENTIAL COMMON AREA",COMPLETED,FELONY,N.Y. HOUSING POLICE,BRONX,43,FRONT OF,RESIDENCE - PUBLIC HOUSING,,BRONXDALE,1020811,240473,40.82665092,-73.86789492,"(40.826650923, -73.867894916)"
669962797,1/1/2016,0:15:00,1/1/2016,0:19:00,1/2/2016,109,GRAND LARCENY,405,"LARCENY,GRAND BY THEFT OF CREDIT CARD",COMPLETED,FELONY,N.Y. HOUSING POLICE,BRONX,45,INSIDE,RESIDENCE - PUBLIC HOUSING,,THROGGS NECK,1032218,239444,40.82377203,-73.82668524,"(40.823772033, -73.826685244)"
837910347,12/30/2015,22:00:00,12/30/2015,22:30:00,1/1/2016,106,FELONY ASSAULT,109,"ASSAULT 2,1,UNCLASSIFIED",COMPLETED,FELONY,N.Y. HOUSING POLICE,BRONX,42,INSIDE,RESIDENCE - PUBLIC HOUSING,,MORRISANIA ,1007424,239937,40.82522502,-73.91626822,"(40.825225023, -73.916268224)"
